"Step","stairs_pose_net_mobv3l - epoch/test_translation_loss","stairs_pose_net_mobv3l - epoch/test_translation_loss__MIN","stairs_pose_net_mobv3l - epoch/test_translation_loss__MAX","pumpkin_pose_net_mobv3l - epoch/test_translation_loss","pumpkin_pose_net_mobv3l - epoch/test_translation_loss__MIN","pumpkin_pose_net_mobv3l - epoch/test_translation_loss__MAX","office_pose_net_mobv3l - epoch/test_translation_loss","office_pose_net_mobv3l - epoch/test_translation_loss__MIN","office_pose_net_mobv3l - epoch/test_translation_loss__MAX","heads_pose_net_mobv3l - epoch/test_translation_loss","heads_pose_net_mobv3l - epoch/test_translation_loss__MIN","heads_pose_net_mobv3l - epoch/test_translation_loss__MAX","fire_pose_net_mobv3l - epoch/test_translation_loss","fire_pose_net_mobv3l - epoch/test_translation_loss__MIN","fire_pose_net_mobv3l - epoch/test_translation_loss__MAX","chess_pose_net_mobv3l - epoch/test_translation_loss","chess_pose_net_mobv3l - epoch/test_translation_loss__MIN","chess_pose_net_mobv3l - epoch/test_translation_loss__MAX"
"1","0.6708258613944054","0.6708258613944054","0.6708258613944054","0.6951172146946192","0.6951172146946192","0.6951172146946192","0.8525254307314754","0.8525254307314754","0.8525254307314754","0.1419417173601687","0.1419417173601687","0.1419417173601687","0.4785316460765898","0.4785316460765898","0.4785316460765898","0.4280659565702081","0.4280659565702081","0.4280659565702081"
"2","0.6502683199942112","0.6502683199942112","0.6502683199942112","0.6232725055888295","0.6232725055888295","0.6232725055888295","0.7304789265617728","0.7304789265617728","0.7304789265617728","0.15399615629576147","0.15399615629576147","0.15399615629576147","0.45695589762181044","0.45695589762181044","0.45695589762181044","0.3815353433601558","0.3815353433601558","0.3815353433601558"
"3","0.6394932754337788","0.6394932754337788","0.6394932754337788","0.5356136225163937","0.5356136225163937","0.5356136225163937","0.6145642851479352","0.6145642851479352","0.6145642851479352","0.1576070822775364","0.1576070822775364","0.1576070822775364","0.4371484788134694","0.4371484788134694","0.4371484788134694","0.35042364289984107","0.35042364289984107","0.35042364289984107"
"4","0.6371747590601444","0.6371747590601444","0.6371747590601444","0.5110230511054397","0.5110230511054397","0.5110230511054397","0.5471849800087512","0.5471849800087512","0.5471849800087512","0.15587003016844392","0.15587003016844392","0.15587003016844392","0.4197424170561135","0.4197424170561135","0.4197424170561135","0.3261775579303503","0.3261775579303503","0.3261775579303503"
"5","0.6279648020863533","0.6279648020863533","0.6279648020863533","0.4666427746415138","0.4666427746415138","0.4666427746415138","0.48276203824207187","0.48276203824207187","0.48276203824207187","0.1518922378309071","0.1518922378309071","0.1518922378309071","0.40046818647533655","0.40046818647533655","0.40046818647533655","0.30578649742528796","0.30578649742528796","0.30578649742528796"
"6","0.6141472943127155","0.6141472943127155","0.6141472943127155","0.43596216198056936","0.43596216198056936","0.43596216198056936","0.43332844506949186","0.43332844506949186","0.43332844506949186","0.1472522635012865","0.1472522635012865","0.1472522635012865","0.3789815946947783","0.3789815946947783","0.3789815946947783","0.28821546770632267","0.28821546770632267","0.28821546770632267"
"7","0.5689107049256563","0.5689107049256563","0.5689107049256563","0.42099095042794943","0.42099095042794943","0.42099095042794943","0.3901109085418284","0.3901109085418284","0.3901109085418284","0.1428549059201032","0.1428549059201032","0.1428549059201032","0.36788710835389793","0.36788710835389793","0.36788710835389793","0.27572570787742734","0.27572570787742734","0.27572570787742734"
"8","0.5529669169336557","0.5529669169336557","0.5529669169336557","0.40355210844427347","0.40355210844427347","0.40355210844427347","0.3639822492841631","0.3639822492841631","0.3639822492841631","0.13873381353914738","0.13873381353914738","0.13873381353914738","0.3593342697713524","0.3593342697713524","0.3593342697713524","0.2674453929066658","0.2674453929066658","0.2674453929066658"
"9","0.5615244954824448","0.5615244954824448","0.5615244954824448","0.34795873519033194","0.34795873519033194","0.34795873519033194","0.3455751561559737","0.3455751561559737","0.3455751561559737","0.1349421904888004","0.1349421904888004","0.1349421904888004","0.3517186183016747","0.3517186183016747","0.3517186183016747","0.2625034172087908","0.2625034172087908","0.2625034172087908"
"10","0.5632761716842651","0.5632761716842651","0.5632761716842651","0.32019114028662443","0.32019114028662443","0.32019114028662443","0.33583531179465353","0.33583531179465353","0.33583531179465353","0.13147027418017387","0.13147027418017387","0.13147027418017387","0.34264962188899517","0.34264962188899517","0.34264962188899517","0.2601955970749259","0.2601955970749259","0.2601955970749259"
"11","0.5581228472292423","0.5581228472292423","0.5581228472292423","0.3189221601933241","0.3189221601933241","0.3189221601933241","0.33305125473998487","0.33305125473998487","0.33305125473998487","0.12825539242476225","0.12825539242476225","0.12825539242476225","0.33380869589746","0.33380869589746","0.33380869589746","0.2576440693810582","0.2576440693810582","0.2576440693810582"
"12","0.5481786783784628","0.5481786783784628","0.5481786783784628","0.31562071526423097","0.31562071526423097","0.31562071526423097","0.32835473655723035","0.32835473655723035","0.32835473655723035","0.12542346236295998","0.12542346236295998","0.12542346236295998","0.3259563319152221","0.3259563319152221","0.3259563319152221","0.25434373412281275","0.25434373412281275","0.25434373412281275"
"13","0.5413580164313316","0.5413580164313316","0.5413580164313316","0.3107469752430916","0.3107469752430916","0.3107469752430916","0.32606076111551374","0.32606076111551374","0.32606076111551374","0.12284624855965376","0.12284624855965376","0.12284624855965376","0.3189481644658372","0.3189481644658372","0.3189481644658372","0.25128534995019436","0.25128534995019436","0.25128534995019436"
"14","0.5352091006934643","0.5352091006934643","0.5352091006934643","0.3055448313243687","0.3055448313243687","0.3055448313243687","0.32465919433161616","0.32465919433161616","0.32465919433161616","0.12073974730446935","0.12073974730446935","0.12073974730446935","0.3115950166247785","0.3115950166247785","0.3115950166247785","0.24865907058119774","0.24865907058119774","0.24865907058119774"
"15","0.5266825053840876","0.5266825053840876","0.5266825053840876","0.3002975541166961","0.3002975541166961","0.3002975541166961","0.32400031271390617","0.32400031271390617","0.32400031271390617","0.11906800884753466","0.11906800884753466","0.11906800884753466","0.3028806297807023","0.3028806297807023","0.3028806297807023","0.24654559697955847","0.24654559697955847","0.24654559697955847"
"16","0.5136861875653267","0.5136861875653267","0.5136861875653267","0.2957276152446866","0.2957276152446866","0.2957276152446866","0.3236669967882335","0.3236669967882335","0.3236669967882335","0.11770370579324663","0.11770370579324663","0.11770370579324663","0.29414657526649535","0.29414657526649535","0.29414657526649535","0.2450607307255268","0.2450607307255268","0.2450607307255268"
"17","0.49187824688851833","0.49187824688851833","0.49187824688851833","0.2915761014446616","0.2915761014446616","0.2915761014446616","0.3231826168484986","0.3231826168484986","0.3231826168484986","0.11650673393160105","0.11650673393160105","0.11650673393160105","0.28805026912596077","0.28805026912596077","0.28805026912596077","0.24389366526156664","0.24389366526156664","0.24389366526156664"
"18","0.47964200004935265","0.47964200004935265","0.47964200004935265","0.28842924861237407","0.28842924861237407","0.28842924861237407","0.3230860896874219","0.3230860896874219","0.3230860896874219","0.11555464821867645","0.11555464821867645","0.11555464821867645","0.28212039452046156","0.28212039452046156","0.28212039452046156","0.24282888788729906","0.24282888788729906","0.24282888788729906"
"19","0.4848954640328884","0.4848954640328884","0.4848954640328884","0.2853391570970416","0.2853391570970416","0.2853391570970416","0.3234896354842931","0.3234896354842931","0.3234896354842931","0.11473812256008387","0.11473812256008387","0.11473812256008387","0.2762613291852176","0.2762613291852176","0.2762613291852176","0.24202213622629642","0.24202213622629642","0.24202213622629642"
"20","0.49059242382645607","0.49059242382645607","0.49059242382645607","0.28303563268855214","0.28303563268855214","0.28303563268855214","0.32366099138744175","0.32366099138744175","0.32366099138744175","0.11400035116821527","0.11400035116821527","0.11400035116821527","0.27309995563700795","0.27309995563700795","0.27309995563700795","0.24149089772254229","0.24149089772254229","0.24149089772254229"
"21","0.4840704519301653","0.4840704519301653","0.4840704519301653","0.28104746993631124","0.28104746993631124","0.28104746993631124","0.3230867937672883","0.3230867937672883","0.3230867937672883","0.11332740844227374","0.11332740844227374","0.11332740844227374","0.27060999255627394","0.27060999255627394","0.27060999255627394","0.2410543542355299","0.2410543542355299","0.2410543542355299"
"22","0.46995315607637167","0.46995315607637167","0.46995315607637167","0.27937114844098687","0.27937114844098687","0.27937114844098687","0.3228728617541492","0.3228728617541492","0.3228728617541492","0.11274885991588235","0.11274885991588235","0.11274885991588235","0.26756891841068864","0.26756891841068864","0.26756891841068864","0.24076107144355774","0.24076107144355774","0.24076107144355774"
"23","0.45308022759854794","0.45308022759854794","0.45308022759854794","0.27809065533801913","0.27809065533801913","0.27809065533801913","0.3226757722441107","0.3226757722441107","0.3226757722441107","0.11218213778920472","0.11218213778920472","0.11218213778920472","0.2652543322183192","0.2652543322183192","0.2652543322183192","0.24046253506094217","0.24046253506094217","0.24046253506094217"
"24","0.4378720447421074","0.4378720447421074","0.4378720447421074","0.27696619904600084","0.27696619904600084","0.27696619904600084","0.3222824549302459","0.3222824549302459","0.3222824549302459","0.11167733487673104","0.11167733487673104","0.11167733487673104","0.26310926070436835","0.26310926070436835","0.26310926070436835","0.24022893980145454","0.24022893980145454","0.24022893980145454"
"25","0.4310211827978492","0.4310211827978492","0.4310211827978492","0.2763158332090825","0.2763158332090825","0.2763158332090825","0.32180660706944764","0.32180660706944764","0.32180660706944764","0.11119206855073571","0.11119206855073571","0.11119206855073571","0.26111642364412546","0.26111642364412546","0.26111642364412546","0.24003189336508512","0.24003189336508512","0.24003189336508512"
"26","0.4219564851373434","0.4219564851373434","0.4219564851373434","0.2758442850317806","0.2758442850317806","0.2758442850317806","0.32151276455260813","0.32151276455260813","0.32151276455260813","0.11077388259582222","0.11077388259582222","0.11077388259582222","0.2595819258131087","0.2595819258131087","0.2595819258131087","0.2398559506982565","0.2398559506982565","0.2398559506982565"
"27","0.41192375123500824","0.41192375123500824","0.41192375123500824","0.27564964443445206","0.27564964443445206","0.27564964443445206","0.32182012451812625","0.32182012451812625","0.32182012451812625","0.11042078514583409","0.11042078514583409","0.11042078514583409","0.2580725036095828","0.2580725036095828","0.2580725036095828","0.23969205934554338","0.23969205934554338","0.23969205934554338"
"28","0.4017186416313052","0.4017186416313052","0.4017186416313052","0.27555464301258326","0.27555464301258326","0.27555464301258326","0.3213440226390958","0.3213440226390958","0.3213440226390958","0.11007091915234923","0.11007091915234923","0.11007091915234923","0.2568307854235172","0.2568307854235172","0.2568307854235172","0.23953988682478666","0.23953988682478666","0.23953988682478666"
"29","0.3931026728823781","0.3931026728823781","0.3931026728823781","0.2751842108555138","0.2751842108555138","0.2751842108555138","0.32152186427265406","0.32152186427265406","0.32152186427265406","0.10967024904675782","0.10967024904675782","0.10967024904675782","0.255721393506974","0.255721393506974","0.255721393506974","0.23931168857961893","0.23931168857961893","0.23931168857961893"
"30","0.38489834405481815","0.38489834405481815","0.38489834405481815","0.2747539062984288","0.2747539062984288","0.2747539062984288","0.32121268939226866","0.32121268939226866","0.32121268939226866","0.10920531488955021","0.10920531488955021","0.10920531488955021","0.25485233636572957","0.25485233636572957","0.25485233636572957","0.23922183737158775","0.23922183737158775","0.23922183737158775"
"31","0.3775197435170412","0.3775197435170412","0.3775197435170412","0.27477246010676026","0.27477246010676026","0.27477246010676026","0.32102224603295326","0.32102224603295326","0.32102224603295326","0.10874058958142996","0.10874058958142996","0.10874058958142996","0.25393411982804537","0.25393411982804537","0.25393411982804537","0.23919393960386515","0.23919393960386515","0.23919393960386515"
"32","0.3711212631314993","0.3711212631314993","0.3711212631314993","0.27480239188298583","0.27480239188298583","0.27480239188298583","0.3204717349726707","0.3204717349726707","0.3204717349726707","0.10817554267123342","0.10817554267123342","0.10817554267123342","0.2531500239856541","0.2531500239856541","0.2531500239856541","0.23910167627036572","0.23910167627036572","0.23910167627036572"
"33","0.365806857123971","0.365806857123971","0.365806857123971","0.2756088664755225","0.2756088664755225","0.2756088664755225","0.3206707702483982","0.3206707702483982","0.3206707702483982","0.10752733261324465","0.10752733261324465","0.10752733261324465","0.2526673427782953","0.2526673427782953","0.2526673427782953","0.23912361171096563","0.23912361171096563","0.23912361171096563"
"34","0.3609568290412426","0.3609568290412426","0.3609568290412426","0.2756815501488745","0.2756815501488745","0.2756815501488745","0.32091559330001473","0.32091559330001473","0.32091559330001473","0.10677696787752211","0.10677696787752211","0.10677696787752211","0.2523016515187919","0.2523016515187919","0.2523016515187919","0.23907892405986786","0.23907892405986786","0.23907892405986786"
"35","0.3574438178911805","0.3574438178911805","0.3574438178911805","0.2756206560879946","0.2756206560879946","0.2756206560879946","0.321803756756708","0.321803756756708","0.321803756756708","0.10604196367785335","0.10604196367785335","0.10604196367785335","0.25203259009867907","0.25203259009867907","0.25203259009867907","0.23899646196514368","0.23899646196514368","0.23899646196514368"
"36","0.35363247245550156","0.35363247245550156","0.35363247245550156","0.2759529473260045","0.2759529473260045","0.2759529473260045","0.3211776602547616","0.3211776602547616","0.3211776602547616","0.10535356611944735","0.10535356611944735","0.10535356611944735","0.25186205515637994","0.25186205515637994","0.25186205515637994","0.2389395609498024","0.2389395609498024","0.2389395609498024"
"37","0.3505292795598507","0.3505292795598507","0.3505292795598507","0.27609665552154183","0.27609665552154183","0.27609665552154183","0.322125835577026","0.322125835577026","0.322125835577026","0.1047129649668932","0.1047129649668932","0.1047129649668932","0.25149910617619753","0.25149910617619753","0.25149910617619753","0.23889380786567926","0.23889380786567926","0.23889380786567926"
"38","0.34827290568500757","0.34827290568500757","0.34827290568500757","0.2762603161390871","0.2762603161390871","0.2762603161390871","0.3231875034980476","0.3231875034980476","0.3231875034980476","0.10407435894012451","0.10407435894012451","0.10407435894012451","0.2514837442431599","0.2514837442431599","0.2514837442431599","0.2388917738571763","0.2388917738571763","0.2388917738571763"
"39","0.34711618162691593","0.34711618162691593","0.34711618162691593","0.27621235232800245","0.27621235232800245","0.27621235232800245","0.3245432013645768","0.3245432013645768","0.3245432013645768","0.10346654057502747","0.10346654057502747","0.10346654057502747","0.25138664548285306","0.25138664548285306","0.25138664548285306","0.23880552034825087","0.23880552034825087","0.23880552034825087"
"40","0.3468492217361927","0.3468492217361927","0.3468492217361927","0.27666801353916526","0.27666801353916526","0.27666801353916526","0.32615115074440837","0.32615115074440837","0.32615115074440837","0.10287647508084774","0.10287647508084774","0.10287647508084774","0.25137475784868","0.25137475784868","0.25137475784868","0.2388911684975028","0.2388911684975028","0.2388911684975028"
"41","0.3463451722636819","0.3463451722636819","0.3463451722636819","0.27700388128869236","0.27700388128869236","0.27700388128869236","0.3277806442929432","0.3277806442929432","0.3277806442929432","0.10231532133184373","0.10231532133184373","0.10231532133184373","0.2515113316476345","0.2515113316476345","0.2515113316476345","0.238824718631804","0.238824718631804","0.238824718631804"
"42","0.34633134957402945","0.34633134957402945","0.34633134957402945","0.27725495281629264","0.27725495281629264","0.27725495281629264","0.3300774780800566","0.3300774780800566","0.3300774780800566","0.10177564760670066","0.10177564760670066","0.10177564760670066","0.2517192754894495","0.2517192754894495","0.2517192754894495","0.23889204394072294","0.23889204394072294","0.23889204394072294"
"43","0.3459009528160095","0.3459009528160095","0.3459009528160095","0.2773213810287416","0.2773213810287416","0.2773213810287416","0.3331366592319682","0.3331366592319682","0.3331366592319682","0.10125140799209476","0.10125140799209476","0.10125140799209476","0.2522019469179213","0.2522019469179213","0.2522019469179213","0.23890902381390333","0.23890902381390333","0.23890902381390333"
"44","0.34622747264802456","0.34622747264802456","0.34622747264802456","0.2776081988122314","0.2776081988122314","0.2776081988122314","0.3401276171207428","0.3401276171207428","0.3401276171207428","0.10075266938656569","0.10075266938656569","0.10075266938656569","0.2524804277345538","0.2524804277345538","0.2524804277345538","0.23897728696465492","0.23897728696465492","0.23897728696465492"
"45","0.3462151922285557","0.3462151922285557","0.3462151922285557","0.2781105814501643","0.2781105814501643","0.2781105814501643","0.3468563467031345","0.3468563467031345","0.3468563467031345","0.10026732017286122","0.10026732017286122","0.10026732017286122","0.2527941195294261","0.2527941195294261","0.2527941195294261","0.23900027945637703","0.23900027945637703","0.23900027945637703"
"46","0.3456166721880436","0.3456166721880436","0.3456166721880436","0.27847059164196253","0.27847059164196253","0.27847059164196253","0.3534727646037936","0.3534727646037936","0.3534727646037936","0.09981812816113234","0.09981812816113234","0.09981812816113234","0.2530156266875565","0.2530156266875565","0.2530156266875565","0.23915224242955446","0.23915224242955446","0.23915224242955446"
"47","0.34492529928684235","0.34492529928684235","0.34492529928684235","0.27855398040264845","0.27855398040264845","0.27855398040264845","0.36263495311141014","0.36263495311141014","0.36263495311141014","0.09938957495614886","0.09938957495614886","0.09938957495614886","0.2534740995615721","0.2534740995615721","0.2534740995615721","0.23927010223269463","0.23927010223269463","0.23927010223269463"
"48","0.34414708241820335","0.34414708241820335","0.34414708241820335","0.278815601952374","0.278815601952374","0.278815601952374","0.37511867191642523","0.37511867191642523","0.37511867191642523","0.09898959193378687","0.09898959193378687","0.09898959193378687","0.2535447892732918","0.2535447892732918","0.2535447892732918","0.23954294621944427","0.23954294621944427","0.23954294621944427"
"49","0.3437345717102289","0.3437345717102289","0.3437345717102289","0.2789829862304032","0.2789829862304032","0.2789829862304032","0.38768474059179425","0.38768474059179425","0.38768474059179425","0.09859258006326854","0.09859258006326854","0.09859258006326854","0.2539583486504853","0.2539583486504853","0.2539583486504853","0.2396547431126237","0.2396547431126237","0.2396547431126237"
"50","0.34354574978351593","0.34354574978351593","0.34354574978351593","0.2791865221224725","0.2791865221224725","0.2791865221224725","0.40526078699622303","0.40526078699622303","0.40526078699622303","0.09820959926582873","0.09820959926582873","0.09820959926582873","0.2546116719022393","0.2546116719022393","0.2546116719022393","0.23990083578974009","0.23990083578974009","0.23990083578974009"
"51","0.34290940780192614","0.34290940780192614","0.34290940780192614","0.2795742347370833","0.2795742347370833","0.2795742347370833","0.4277669172734022","0.4277669172734022","0.4277669172734022","0.09785390435718","0.09785390435718","0.09785390435718","0.25517326733097434","0.25517326733097434","0.25517326733097434","0.24018912948668003","0.24018912948668003","0.24018912948668003"
"52","0.34211422875523567","0.34211422875523567","0.34211422875523567","0.27990116365253925","0.27990116365253925","0.27990116365253925","0.4454248817637563","0.4454248817637563","0.4454248817637563","0.09750775573775172","0.09750775573775172","0.09750775573775172","0.25580921955406666","0.25580921955406666","0.25580921955406666","0.2405089670792222","0.2405089670792222","0.2405089670792222"
"53","0.3415513886138797","0.3415513886138797","0.3415513886138797","0.28020632546395063","0.28020632546395063","0.28020632546395063","0.46623633592389524","0.46623633592389524","0.46623633592389524","0.09720257786102593","0.09720257786102593","0.09720257786102593","0.25641677947714925","0.25641677947714925","0.25641677947714925","0.24072271585464478","0.24072271585464478","0.24072271585464478"
"54","0.3407817594707012","0.3407817594707012","0.3407817594707012","0.2805209595244378","0.2805209595244378","0.2805209595244378","0.49394730874337256","0.49394730874337256","0.49394730874337256","0.09691656148061156","0.09691656148061156","0.09691656148061156","0.25700387731194496","0.25700387731194496","0.25700387731194496","0.24108169320970774","0.24108169320970774","0.24108169320970774"
"55","0.3399121044203639","0.3399121044203639","0.3399121044203639","0.2808536000084132","0.2808536000084132","0.2808536000084132","0.5221335226669908","0.5221335226669908","0.5221335226669908","0.09665561676956713","0.09665561676956713","0.09665561676956713","0.25785231310874224","0.25785231310874224","0.25785231310874224","0.24149989802390337","0.24149989802390337","0.24149989802390337"
"56","0.33918028324842453","0.33918028324842453","0.33918028324842453","0.2810254041105509","0.2810254041105509","0.2810254041105509","0.5576783018186688","0.5576783018186688","0.5576783018186688","0.09641260234639049","0.09641260234639049","0.09641260234639049","0.2586841005831957","0.2586841005831957","0.2586841005831957","0.24211670365184546","0.24211670365184546","0.24211670365184546"
"57","0.3378763683140278","0.3378763683140278","0.3378763683140278","0.2815747291315347","0.2815747291315347","0.2815747291315347","0.589081309735775","0.589081309735775","0.589081309735775","0.09619324188679457","0.09619324188679457","0.09619324188679457","0.25947362603619695","0.25947362603619695","0.25947362603619695","0.2427169568836689","0.2427169568836689","0.2427169568836689"
"58","0.3368632812052965","0.3368632812052965","0.3368632812052965","0.28165431460365653","0.28165431460365653","0.28165431460365653","0.6216487819328904","0.6216487819328904","0.6216487819328904","0.09597446885891259","0.09597446885891259","0.09597446885891259","0.2602272257208824","0.2602272257208824","0.2602272257208824","0.24309857096523046","0.24309857096523046","0.24309857096523046"
"59","0.3361889077350497","0.3361889077350497","0.3361889077350497","0.2816332350485027","0.2816332350485027","0.2816332350485027","0.6473033297806978","0.6473033297806978","0.6473033297806978","0.09573370963335037","0.09573370963335037","0.09573370963335037","0.2608529133722186","0.2608529133722186","0.2608529133722186","0.24399686977267265","0.24399686977267265","0.24399686977267265"
"60","0.3352346420288086","0.3352346420288086","0.3352346420288086","0.28177745710127056","0.28177745710127056","0.28177745710127056","0.6669038906693459","0.6669038906693459","0.6669038906693459","0.09551271516829729","0.09551271516829729","0.09551271516829729","0.2618286362849176","0.2618286362849176","0.2618286362849176","0.24512008111923933","0.24512008111923933","0.24512008111923933"
"61","0.3342725560069084","0.3342725560069084","0.3342725560069084","0.2824951771181077","0.2824951771181077","0.2824951771181077","0.6773809865117073","0.6773809865117073","0.6773809865117073","0.0952841283287853","0.0952841283287853","0.0952841283287853","0.26276224153116345","0.26276224153116345","0.26276224153116345","0.24618691485375166","0.24618691485375166","0.24618691485375166"
"62","0.33312795404344797","0.33312795404344797","0.33312795404344797","0.2823705670889467","0.2823705670889467","0.2823705670889467","0.6850602813065052","0.6850602813065052","0.6850602813065052","0.09504035511054099","0.09504035511054099","0.09504035511054099","0.26363876555114985","0.26363876555114985","0.26363876555114985","0.24720812682062387","0.24720812682062387","0.24720812682062387"
"63","0.3318810388445854","0.3318810388445854","0.3318810388445854","0.28278448106721044","0.28278448106721044","0.28278448106721044","0.6843074019998312","0.6843074019998312","0.6843074019998312","0.09481858951039612","0.09481858951039612","0.09481858951039612","0.26466788770630956","0.26466788770630956","0.26466788770630956","0.24849764350801706","0.24849764350801706","0.24849764350801706"
"64","0.33061762154102325","0.33061762154102325","0.33061762154102325","0.28270336240530014","0.28270336240530014","0.28270336240530014","0.6813544882461429","0.6813544882461429","0.6813544882461429","0.09460181021131575","0.09460181021131575","0.09460181021131575","0.26569429878145456","0.26569429878145456","0.26569429878145456","0.25014616549015045","0.25014616549015045","0.25014616549015045"
"65","0.32960555143654346","0.32960555143654346","0.32960555143654346","0.28315743640996516","0.28315743640996516","0.28315743640996516","0.674401962198317","0.674401962198317","0.674401962198317","0.09438304603099823","0.09438304603099823","0.09438304603099823","0.2667272030375898","0.2667272030375898","0.2667272030375898","0.25218236818909645","0.25218236818909645","0.25218236818909645"
"66","0.32821509800851345","0.32821509800851345","0.32821509800851345","0.28339941380545497","0.28339941380545497","0.28339941380545497","0.6655491329729557","0.6655491329729557","0.6655491329729557","0.09417302394285798","0.09417302394285798","0.09417302394285798","0.26791134709492326","0.26791134709492326","0.26791134709492326","0.25432299077510834","0.25432299077510834","0.25432299077510834"
"67","0.3257511928677559","0.3257511928677559","0.3257511928677559","0.2834446409251541","0.2834446409251541","0.2834446409251541","0.6556823221035302","0.6556823221035302","0.6556823221035302","0.09394500940106809","0.09394500940106809","0.09394500940106809","0.26925716549158096","0.26925716549158096","0.26925716549158096","0.25612856913357973","0.25612856913357973","0.25612856913357973"
"68","0.324433624278754","0.324433624278754","0.324433624278754","0.2836635746061802","0.2836635746061802","0.2836635746061802","0.6483894684351981","0.6483894684351981","0.6483894684351981","0.09375302260741591","0.09375302260741591","0.09375302260741591","0.27056019729934633","0.27056019729934633","0.27056019729934633","0.2587055144831538","0.2587055144831538","0.2587055144831538"
"69","0.3227459858171642","0.3227459858171642","0.3227459858171642","0.28390962490811944","0.28390962490811944","0.28390962490811944","0.6479263296350837","0.6479263296350837","0.6479263296350837","0.09353723237290978","0.09353723237290978","0.09353723237290978","0.27211113343946636","0.27211113343946636","0.27211113343946636","0.2614417299628258","0.2614417299628258","0.2614417299628258"
"70","0.32140846364200115","0.32140846364200115","0.32140846364200115","0.2842616173438728","0.2842616173438728","0.2842616173438728","0.6503436476923525","0.6503436476923525","0.6503436476923525","0.09333694912493229","0.09333694912493229","0.09333694912493229","0.2734778185840696","0.2734778185840696","0.2734778185840696","0.2636265391483903","0.2636265391483903","0.2636265391483903"
"71","0.3197108432650566","0.3197108432650566","0.3197108432650566","0.2848773063160479","0.2848773063160479","0.2848773063160479","0.6510905642062426","0.6510905642062426","0.6510905642062426","0.09315973287448287","0.09315973287448287","0.09315973287448287","0.2749626860022545","0.2749626860022545","0.2749626860022545","0.26596809923648834","0.26596809923648834","0.26596809923648834"
"72","0.3183637047186494","0.3183637047186494","0.3183637047186494","0.28531988174654543","0.28531988174654543","0.28531988174654543","0.6472395341843367","0.6472395341843367","0.6472395341843367","0.09297732030972838","0.09297732030972838","0.09297732030972838","0.2765920991078019","0.2765920991078019","0.2765920991078019","0.26848194282501936","0.26848194282501936","0.26848194282501936"
"73","0.3169268420897424","0.3169268420897424","0.3169268420897424","0.28563288040459156","0.28563288040459156","0.28563288040459156","0.6413146127015352","0.6413146127015352","0.6413146127015352","0.09279804537072778","0.09279804537072778","0.09279804537072778","0.27842754242010415","0.27842754242010415","0.27842754242010415","0.2713577775284648","0.2713577775284648","0.2713577775284648"
"74","0.3147490518167615","0.3147490518167615","0.3147490518167615","0.2858534131664783","0.2858534131664783","0.2858534131664783","0.6348920790478587","0.6348920790478587","0.6348920790478587","0.09265011828392744","0.09265011828392744","0.09265011828392744","0.2803338742814958","0.2803338742814958","0.2803338742814958","0.27471452858299017","0.27471452858299017","0.27471452858299017"
"75","0.31308464985340834","0.31308464985340834","0.31308464985340834","0.28637246042490005","0.28637246042490005","0.28637246042490005","0.6271008215844631","0.6271008215844631","0.6271008215844631","0.09247931186109781","0.09247931186109781","0.09247931186109781","0.2823945479467511","0.2823945479467511","0.2823945479467511","0.2781845424324274","0.2781845424324274","0.2781845424324274"
"76","0.31142307072877884","0.31142307072877884","0.31142307072877884","0.2869028546847403","0.2869028546847403","0.2869028546847403","0.6270704809576273","0.6270704809576273","0.6270704809576273","0.09231122210621834","0.09231122210621834","0.09231122210621834","0.28471401217393577","0.28471401217393577","0.28471401217393577","0.2808914538472891","0.2808914538472891","0.2808914538472891"
"77","0.309440974611789","0.309440974611789","0.309440974611789","0.2871452234685421","0.2871452234685421","0.2871452234685421","0.6316845598630607","0.6316845598630607","0.6316845598630607","0.09215943026356399","0.09215943026356399","0.09215943026356399","0.2871735580265522","0.2871735580265522","0.2871735580265522","0.2839401066303253","0.2839401066303253","0.2839401066303253"
"78","0.30756923696026206","0.30756923696026206","0.30756923696026206","0.28793993033468723","0.28793993033468723","0.28793993033468723","0.6332848249003291","0.6332848249003291","0.6332848249003291","0.0919985668733716","0.0919985668733716","0.0919985668733716","0.2897615337278694","0.2897615337278694","0.2897615337278694","0.28689678106456995","0.28689678106456995","0.28689678106456995"
"79","0.30595347145572305","0.30595347145572305","0.30595347145572305","0.2884515367913991","0.2884515367913991","0.2884515367913991","0.6277449228800833","0.6277449228800833","0.6277449228800833","0.09183496423065662","0.09183496423065662","0.09183496423065662","0.29250933416187763","0.29250933416187763","0.29250933416187763","0.28953201975673437","0.28953201975673437","0.28953201975673437"
"80","0.3043547309935093","0.3043547309935093","0.3043547309935093","0.2888084549922496","0.2888084549922496","0.2888084549922496","0.6209578164853156","0.6209578164853156","0.6209578164853156","0.09169016382656991","0.09169016382656991","0.09169016382656991","0.2954167313873768","0.2954167313873768","0.2954167313873768","0.2917637610808015","0.2917637610808015","0.2917637610808015"
"81","0.3045683125965297","0.3045683125965297","0.3045683125965297","0.2893307162448764","0.2893307162448764","0.2893307162448764","0.6188312699086964","0.6188312699086964","0.6188312699086964","0.09160484746098518","0.09160484746098518","0.09160484746098518","0.295838862657547","0.295838862657547","0.295838862657547","0.29265837743878365","0.29265837743878365","0.29265837743878365"
"82","0.30463780788704753","0.30463780788704753","0.30463780788704753","0.2897419151850045","0.2897419151850045","0.2897419151850045","0.6127285347320139","0.6127285347320139","0.6127285347320139","0.09152643429115415","0.09152643429115415","0.09152643429115415","0.2962508655618876","0.2962508655618876","0.2962508655618876","0.2930212961509824","0.2930212961509824","0.2930212961509824"
"83","0.304664290510118","0.304664290510118","0.304664290510118","0.2901168242096901","0.2901168242096901","0.2901168242096901","0.6103798248805106","0.6103798248805106","0.6103798248805106","0.09144880971871316","0.09144880971871316","0.09144880971871316","0.2966668624430895","0.2966668624430895","0.2966668624430895","0.29304785188287497","0.29304785188287497","0.29304785188287497"
"84","0.3047155528329313","0.3047155528329313","0.3047155528329313","0.2903866642154753","0.2903866642154753","0.2903866642154753","0.6089546196162701","0.6089546196162701","0.6089546196162701","0.09137799916788936","0.09137799916788936","0.09137799916788936","0.297003285959363","0.297003285959363","0.297003285959363","0.29297949746251106","0.29297949746251106","0.29297949746251106"
"85","0.3047251389361918","0.3047251389361918","0.3047251389361918","0.2905933619476855","0.2905933619476855","0.2905933619476855","0.6083101043477654","0.6083101043477654","0.6083101043477654","0.09130005910992622","0.09130005910992622","0.09130005910992622","0.29732432099990547","0.29732432099990547","0.29732432099990547","0.2930408352985978","0.2930408352985978","0.2930408352985978"
"86","0.3046607533469796","0.3046607533469796","0.3046607533469796","0.29074562434107065","0.29074562434107065","0.29074562434107065","0.6075576338917017","0.6075576338917017","0.6075576338917017","0.09123787842690945","0.09123787842690945","0.09123787842690945","0.29765877965837717","0.29765877965837717","0.29765877965837717","0.2930068513378501","0.2930068513378501","0.2930068513378501"
"87","0.3045764984562993","0.3045764984562993","0.3045764984562993","0.2908911625854671","0.2908911625854671","0.2908911625854671","0.606778193730861","0.606778193730861","0.606778193730861","0.0911710534710437","0.0911710534710437","0.0911710534710437","0.29797963821329176","0.29797963821329176","0.29797963821329176","0.29300830885767937","0.29300830885767937","0.29300830885767937"
"88","0.3044923203997314","0.3044923203997314","0.3044923203997314","0.2910224690567702","0.2910224690567702","0.2910224690567702","0.6058241738937795","0.6058241738937795","0.6058241738937795","0.09111610101535916","0.09111610101535916","0.09111610101535916","0.2982861092314124","0.2982861092314124","0.2982861092314124","0.2930306037887931","0.2930306037887931","0.2930306037887931"
"89","0.3043476170860231","0.3043476170860231","0.3043476170860231","0.29110435536131263","0.29110435536131263","0.29110435536131263","0.6048713652417064","0.6048713652417064","0.6048713652417064","0.09107371256686747","0.09107371256686747","0.09107371256686747","0.29857727140188217","0.29857727140188217","0.29857727140188217","0.2925320267677307","0.2925320267677307","0.2925320267677307"
"90","0.3041984662413597","0.3041984662413597","0.3041984662413597","0.2912213313393295","0.2912213313393295","0.2912213313393295","0.6040461249649525","0.6040461249649525","0.6040461249649525","0.0910180788487196","0.0910180788487196","0.0910180788487196","0.29886876605451107","0.29886876605451107","0.29886876605451107","0.29271274618804455","0.29271274618804455","0.29271274618804455"
"91","0.3041394934989512","0.3041394934989512","0.3041394934989512","0.2913436288945377","0.2913436288945377","0.2913436288945377","0.6031728209927678","0.6031728209927678","0.6031728209927678","0.09096530312672257","0.09096530312672257","0.09096530312672257","0.29903426114469767","0.29903426114469767","0.29903426114469767","0.2929236562922597","0.2929236562922597","0.2929236562922597"
"92","0.3040014156140387","0.3040014156140387","0.3040014156140387","0.29142460599541664","0.29142460599541664","0.29142460599541664","0.6023695752955973","0.6023695752955973","0.6023695752955973","0.09091800497844815","0.09091800497844815","0.09091800497844815","0.2993092357646674","0.2993092357646674","0.2993092357646674","0.2930550519376993","0.2930550519376993","0.2930550519376993"
"93","0.3038598131388426","0.3038598131388426","0.3038598131388426","0.2914884267374873","0.2914884267374873","0.2914884267374873","0.6014974010176957","0.6014974010176957","0.6014974010176957","0.09087476134300232","0.09087476134300232","0.09087476134300232","0.29963262425735593","0.29963262425735593","0.29963262425735593","0.2930966718122363","0.2930966718122363","0.2930966718122363"
"94","0.3037219475954771","0.3037219475954771","0.3037219475954771","0.2915315581485629","0.2915315581485629","0.2915315581485629","0.6007014056667686","0.6007014056667686","0.6007014056667686","0.0908331754617393","0.0908331754617393","0.0908331754617393","0.2999077490530908","0.2999077490530908","0.2999077490530908","0.2931763827800751","0.2931763827800751","0.2931763827800751"
"95","0.3036262821406126","0.3036262821406126","0.3036262821406126","0.2916068797931075","0.2916068797931075","0.2916068797931075","0.5999542120844126","0.5999542120844126","0.5999542120844126","0.09079437050968409","0.09079437050968409","0.09079437050968409","0.3001113375648856","0.3001113375648856","0.3001113375648856","0.2932217475026846","0.2932217475026846","0.2932217475026846"
"96","0.3034255588427186","0.3034255588427186","0.3034255588427186","0.29168159840628505","0.29168159840628505","0.29168159840628505","0.5993983717635274","0.5993983717635274","0.5993983717635274","0.09075649012811482","0.09075649012811482","0.09075649012811482","0.300383388530463","0.300383388530463","0.300383388530463","0.2932621240615845","0.2932621240615845","0.2932621240615845"
"97","0.3032539109699428","0.3032539109699428","0.3032539109699428","0.29178313445299864","0.29178313445299864","0.29178313445299864","0.5987871643155813","0.5987871643155813","0.5987871643155813","0.09071962046436965","0.09071962046436965","0.09071962046436965","0.3006861419416964","0.3006861419416964","0.3006861419416964","0.2933091251179576","0.2933091251179576","0.2933091251179576"
"98","0.30307966098189354","0.30307966098189354","0.30307966098189354","0.29183523496612906","0.29183523496612906","0.29183523496612906","0.5982059519737959","0.5982059519737959","0.5982059519737959","0.09068907191976905","0.09068907191976905","0.09068907191976905","0.3010351217817515","0.3010351217817515","0.3010351217817515","0.29333628714084625","0.29333628714084625","0.29333628714084625"
"99","0.30286394665017724","0.30286394665017724","0.30286394665017724","0.29196790186688304","0.29196790186688304","0.29196790186688304","0.5975485201925039","0.5975485201925039","0.5975485201925039","0.0906584917102009","0.0906584917102009","0.0906584917102009","0.301282613305375","0.301282613305375","0.301282613305375","0.2933462532237172","0.2933462532237172","0.2933462532237172"
"100","0.30267615150660276","0.30267615150660276","0.30267615150660276","0.292005606694147","0.292005606694147","0.292005606694147","0.5967447469010949","0.5967447469010949","0.5967447469010949","0.09062302066013217","0.09062302066013217","0.09062302066013217","0.3015222870744765","0.3015222870744765","0.3015222870744765","0.2933754799887538","0.2933754799887538","0.2933754799887538"