"Step","stairs_pose_net_mobv3s - epoch/test_translation_loss","stairs_pose_net_mobv3s - epoch/test_translation_loss__MIN","stairs_pose_net_mobv3s - epoch/test_translation_loss__MAX","pumpkin_pose_net_mobv3s - epoch/test_translation_loss","pumpkin_pose_net_mobv3s - epoch/test_translation_loss__MIN","pumpkin_pose_net_mobv3s - epoch/test_translation_loss__MAX","office_pose_net_mobv3s - epoch/test_translation_loss","office_pose_net_mobv3s - epoch/test_translation_loss__MIN","office_pose_net_mobv3s - epoch/test_translation_loss__MAX","heads_pose_net_mobv3s - epoch/test_translation_loss","heads_pose_net_mobv3s - epoch/test_translation_loss__MIN","heads_pose_net_mobv3s - epoch/test_translation_loss__MAX","fire_pose_net_mobv3s - epoch/test_translation_loss","fire_pose_net_mobv3s - epoch/test_translation_loss__MIN","fire_pose_net_mobv3s - epoch/test_translation_loss__MAX","chess_pose_net_mobv3s - epoch/test_translation_loss","chess_pose_net_mobv3s - epoch/test_translation_loss__MIN","chess_pose_net_mobv3s - epoch/test_translation_loss__MAX"
"1","0.7330810353159904","0.7330810353159904","0.7330810353159904","0.8020866401493549","0.8020866401493549","0.8020866401493549","0.8277557585388422","0.8277557585388422","0.8277557585388422","0.09433346753939986","0.09433346753939986","0.09433346753939986","0.4327987674623728","0.4327987674623728","0.4327987674623728","0.4360967855900526","0.4360967855900526","0.4360967855900526"
"2","0.677628219127655","0.677628219127655","0.677628219127655","0.7336478643119335","0.7336478643119335","0.7336478643119335","0.7642957530915737","0.7642957530915737","0.7642957530915737","0.09625483420677483","0.09625483420677483","0.09625483420677483","0.41070783138275146","0.41070783138275146","0.41070783138275146","0.41116361785680056","0.41116361785680056","0.41116361785680056"
"3","0.6456048209220171","0.6456048209220171","0.6456048209220171","0.668859189376235","0.668859189376235","0.668859189376235","0.7240214785560966","0.7240214785560966","0.7240214785560966","0.0977825887966901","0.0977825887966901","0.0977825887966901","0.39902399736456573","0.39902399736456573","0.39902399736456573","0.3869018778204918","0.3869018778204918","0.3869018778204918"
"4","0.6218359544873238","0.6218359544873238","0.6218359544873238","0.6181603968143463","0.6181603968143463","0.6181603968143463","0.6897353162057698","0.6897353162057698","0.6897353162057698","0.09914695983752608","0.09914695983752608","0.09914695983752608","0.3901079371571541","0.3901079371571541","0.3901079371571541","0.3669929886236787","0.3669929886236787","0.3669929886236787"
"5","0.5922775343060493","0.5922775343060493","0.5922775343060493","0.5804440397769213","0.5804440397769213","0.5804440397769213","0.6424278984777629","0.6424278984777629","0.6424278984777629","0.1004541371949017","0.1004541371949017","0.1004541371949017","0.381595348007977","0.381595348007977","0.381595348007977","0.35019086487591267","0.35019086487591267","0.35019086487591267"
"6","0.5635543204843998","0.5635543204843998","0.5635543204843998","0.5430375579744577","0.5430375579744577","0.5430375579744577","0.5903672561980784","0.5903672561980784","0.5903672561980784","0.10163434548303485","0.10163434548303485","0.10163434548303485","0.37337579391896725","0.37337579391896725","0.37337579391896725","0.3347383849322796","0.3347383849322796","0.3347383849322796"
"7","0.5449765510857105","0.5449765510857105","0.5449765510857105","0.5073107592761517","0.5073107592761517","0.5073107592761517","0.5434243073686957","0.5434243073686957","0.5434243073686957","0.10256326268427074","0.10256326268427074","0.10256326268427074","0.36490097641944885","0.36490097641944885","0.36490097641944885","0.32196875754743814","0.32196875754743814","0.32196875754743814"
"8","0.5368773657828569","0.5368773657828569","0.5368773657828569","0.4813478225842118","0.4813478225842118","0.4813478225842118","0.504196282941848","0.504196282941848","0.504196282941848","0.10313627729192376","0.10313627729192376","0.10313627729192376","0.3559765378013253","0.3559765378013253","0.3559765378013253","0.3124501705169678","0.3124501705169678","0.3124501705169678"
"9","0.5365682188421488","0.5365682188421488","0.5365682188421488","0.46201042365282774","0.46201042365282774","0.46201042365282774","0.47390359500423074","0.47390359500423074","0.47390359500423074","0.10306526371277869","0.10306526371277869","0.10306526371277869","0.34742466383613646","0.34742466383613646","0.34742466383613646","0.3046261593699455","0.3046261593699455","0.3046261593699455"
"10","0.5362629219889641","0.5362629219889641","0.5362629219889641","0.44964071456342936","0.44964071456342936","0.44964071456342936","0.44931894983164966","0.44931894983164966","0.44931894983164966","0.10247119818814099","0.10247119818814099","0.10247119818814099","0.33973372634500265","0.33973372634500265","0.33973372634500265","0.29722425155341625","0.29722425155341625","0.29722425155341625"
"11","0.5324441641569138","0.5324441641569138","0.5324441641569138","0.4407987501472235","0.4407987501472235","0.4407987501472235","0.4281825984362513","0.4281825984362513","0.4281825984362513","0.101744583575055","0.101744583575055","0.101744583575055","0.3328041140921414","0.3328041140921414","0.3328041140921414","0.29064188338816166","0.29064188338816166","0.29064188338816166"
"12","0.5261766603216529","0.5261766603216529","0.5261766603216529","0.43134493846446276","0.43134493846446276","0.43134493846446276","0.4109907525125891","0.4109907525125891","0.4109907525125891","0.10110381268896163","0.10110381268896163","0.10110381268896163","0.3264966611750424","0.3264966611750424","0.3264966611750424","0.2845377419143915","0.2845377419143915","0.2845377419143915"
"13","0.5179710611701012","0.5179710611701012","0.5179710611701012","0.4228824423626065","0.4228824423626065","0.4228824423626065","0.39705057186074555","0.39705057186074555","0.39705057186074555","0.10043644905090332","0.10043644905090332","0.10043644905090332","0.32089980971068144","0.32089980971068144","0.32089980971068144","0.27876762952655554","0.27876762952655554","0.27876762952655554"
"14","0.510030216537416","0.510030216537416","0.510030216537416","0.41379659436643124","0.41379659436643124","0.41379659436643124","0.38433408783748746","0.38433408783748746","0.38433408783748746","0.09974736161530018","0.09974736161530018","0.09974736161530018","0.3159422632306814","0.3159422632306814","0.3159422632306814","0.27310191560536623","0.27310191560536623","0.27310191560536623"
"15","0.5021393038332462","0.5021393038332462","0.5021393038332462","0.40335877519100904","0.40335877519100904","0.40335877519100904","0.37214939680416137","0.37214939680416137","0.37214939680416137","0.09909135103225708","0.09909135103225708","0.09909135103225708","0.311311109457165","0.311311109457165","0.311311109457165","0.26780752278864384","0.26780752278864384","0.26780752278864384"
"16","0.49247870966792107","0.49247870966792107","0.49247870966792107","0.3924237731844187","0.3924237731844187","0.3924237731844187","0.3620050549507141","0.3620050549507141","0.3620050549507141","0.09870032756589353","0.09870032756589353","0.09870032756589353","0.306807367131114","0.306807367131114","0.306807367131114","0.2630073130130768","0.2630073130130768","0.2630073130130768"
"17","0.47816300950944424","0.47816300950944424","0.47816300950944424","0.38072836212813854","0.38072836212813854","0.38072836212813854","0.35332912113517523","0.35332912113517523","0.35332912113517523","0.09849187079817057","0.09849187079817057","0.09849187079817057","0.302128192037344","0.302128192037344","0.302128192037344","0.2589061940088868","0.2589061940088868","0.2589061940088868"
"18","0.46346427500247955","0.46346427500247955","0.46346427500247955","0.36885522678494453","0.36885522678494453","0.36885522678494453","0.3472811065148562","0.3472811065148562","0.3472811065148562","0.0982569926418364","0.0982569926418364","0.0982569926418364","0.2975908846128732","0.2975908846128732","0.2975908846128732","0.2555175181478262","0.2555175181478262","0.2555175181478262"
"19","0.4507932225242257","0.4507932225242257","0.4507932225242257","0.3571856003254652","0.3571856003254652","0.3571856003254652","0.34263750235550106","0.34263750235550106","0.34263750235550106","0.09791914513334632","0.09791914513334632","0.09791914513334632","0.2932136228773743","0.2932136228773743","0.2932136228773743","0.25286731217056513","0.25286731217056513","0.25286731217056513"
"20","0.4427629103884101","0.4427629103884101","0.4427629103884101","0.34631893690675497","0.34631893690675497","0.34631893690675497","0.33928467973601073","0.33928467973601073","0.33928467973601073","0.09765644604340196","0.09765644604340196","0.09765644604340196","0.2887160477694124","0.2887160477694124","0.2887160477694124","0.25079139694571495","0.25079139694571495","0.25079139694571495"
"21","0.437493734061718","0.437493734061718","0.437493734061718","0.33688370091840625","0.33688370091840625","0.33688370091840625","0.3369500443805009","0.3369500443805009","0.3369500443805009","0.09739717422053218","0.09739717422053218","0.09739717422053218","0.28439363092184067","0.28439363092184067","0.28439363092184067","0.24924169201403856","0.24924169201403856","0.24924169201403856"
"22","0.43415958620607853","0.43415958620607853","0.43415958620607853","0.32919806195423007","0.32919806195423007","0.32919806195423007","0.33558459766209126","0.33558459766209126","0.33558459766209126","0.09722161502577364","0.09722161502577364","0.09722161502577364","0.2803349655587226","0.2803349655587226","0.2803349655587226","0.2480766298249364","0.2480766298249364","0.2480766298249364"
"23","0.4325520973652601","0.4325520973652601","0.4325520973652601","0.32278149109333754","0.32278149109333754","0.32278149109333754","0.33458880661055446","0.33458880661055446","0.33458880661055446","0.09704529494047165","0.09704529494047165","0.09704529494047165","0.27647369948681444","0.27647369948681444","0.27647369948681444","0.24718239065259695","0.24718239065259695","0.24718239065259695"
"24","0.4309185892343521","0.4309185892343521","0.4309185892343521","0.31777120335027575","0.31777120335027575","0.31777120335027575","0.33404881705064327","0.33404881705064327","0.33404881705064327","0.09687422052957118","0.09687422052957118","0.09687422052957118","0.2725145210279152","0.2725145210279152","0.2725145210279152","0.24649606365710497","0.24649606365710497","0.24649606365710497"
"25","0.4293385883793235","0.4293385883793235","0.4293385883793235","0.31374216079711914","0.31374216079711914","0.31374216079711914","0.33559440344106406","0.33559440344106406","0.33559440344106406","0.09672668110579252","0.09672668110579252","0.09672668110579252","0.26848521817009896","0.26848521817009896","0.26848521817009896","0.24599262792617083","0.24599262792617083","0.24599262792617083"
"26","0.4284359607845545","0.4284359607845545","0.4284359607845545","0.31030134996399283","0.31030134996399283","0.31030134996399283","0.33627757045906037","0.33627757045906037","0.33627757045906037","0.0964845484122634","0.0964845484122634","0.0964845484122634","0.2646722837816924","0.2646722837816924","0.2646722837816924","0.24565822165459394","0.24565822165459394","0.24565822165459394"
"27","0.4274765392765403","0.4274765392765403","0.4274765392765403","0.3076919433660805","0.3076919433660805","0.3076919433660805","0.3368891628924757","0.3368891628924757","0.3368891628924757","0.09625413594767451","0.09625413594767451","0.09625413594767451","0.2610330309253186","0.2610330309253186","0.2610330309253186","0.24537969287484884","0.24537969287484884","0.24537969287484884"
"28","0.42632177006453276","0.42632177006453276","0.42632177006453276","0.30554087832570076","0.30554087832570076","0.30554087832570076","0.3404860970331356","0.3404860970331356","0.3404860970331356","0.09600264905020595","0.09600264905020595","0.09600264905020595","0.2575956955552101","0.2575956955552101","0.2575956955552101","0.24509636498987675","0.24509636498987675","0.24509636498987675"
"29","0.4246904235333204","0.4246904235333204","0.4246904235333204","0.3039373573847115","0.3039373573847115","0.3039373573847115","0.3456634324975312","0.3456634324975312","0.3456634324975312","0.09568457491695881","0.09568457491695881","0.09568457491695881","0.254361588973552","0.254361588973552","0.254361588973552","0.24484985414892435","0.24484985414892435","0.24484985414892435"
"30","0.4228708781301975","0.4228708781301975","0.4228708781301975","0.30248409416526556","0.30248409416526556","0.30248409416526556","0.35108384559862316","0.35108384559862316","0.35108384559862316","0.09527820022776723","0.09527820022776723","0.09527820022776723","0.2514311046106741","0.2514311046106741","0.2514311046106741","0.24464428331702948","0.24464428331702948","0.24464428331702948"
"31","0.42084652185440063","0.42084652185440063","0.42084652185440063","0.3014132250100374","0.3014132250100374","0.3014132250100374","0.3574730586260557","0.3574730586260557","0.3574730586260557","0.09478987893089652","0.09478987893089652","0.09478987893089652","0.24863528180867434","0.24863528180867434","0.24863528180867434","0.24446787685155869","0.24446787685155869","0.24446787685155869"
"32","0.4184862356632948","0.4184862356632948","0.4184862356632948","0.30036310525611043","0.30036310525611043","0.30036310525611043","0.36581272981129587","0.36581272981129587","0.36581272981129587","0.09429682302288711","0.09429682302288711","0.09429682302288711","0.2462624137988314","0.2462624137988314","0.2462624137988314","0.24428343027830124","0.24428343027830124","0.24428343027830124"
"33","0.41586000099778175","0.41586000099778175","0.41586000099778175","0.29963040444999933","0.29963040444999933","0.29963040444999933","0.3756655678153038","0.3756655678153038","0.3756655678153038","0.09377246536314487","0.09377246536314487","0.09377246536314487","0.24401216651313007","0.24401216651313007","0.24401216651313007","0.24412541650235653","0.24412541650235653","0.24412541650235653"
"34","0.41301428340375423","0.41301428340375423","0.41301428340375423","0.29887869115918875","0.29887869115918875","0.29887869115918875","0.3867493807338178","0.3867493807338178","0.3867493807338178","0.09323617676272988","0.09323617676272988","0.09323617676272988","0.2420420446433127","0.2420420446433127","0.2420420446433127","0.24399188347160816","0.24399188347160816","0.24399188347160816"
"35","0.4101285096257925","0.4101285096257925","0.4101285096257925","0.29837110778316855","0.29837110778316855","0.29837110778316855","0.40013152570463717","0.40013152570463717","0.40013152570463717","0.09271617466583848","0.09271617466583848","0.09271617466583848","0.2402076655998826","0.2402076655998826","0.2402076655998826","0.2438772562891245","0.2438772562891245","0.2438772562891245"
"36","0.407046165317297","0.407046165317297","0.407046165317297","0.2980326102115214","0.2980326102115214","0.2980326102115214","0.414613941218704","0.414613941218704","0.414613941218704","0.09215638181194663","0.09215638181194663","0.09215638181194663","0.2385995970107615","0.2385995970107615","0.2385995970107615","0.24371976219117641","0.24371976219117641","0.24371976219117641"
"37","0.4037161935120821","0.4037161935120821","0.4037161935120821","0.29772976972162724","0.29772976972162724","0.29772976972162724","0.42982641817070544","0.42982641817070544","0.42982641817070544","0.09157722163945436","0.09157722163945436","0.09157722163945436","0.23722480924334377","0.23722480924334377","0.23722480924334377","0.24359104596078396","0.24359104596078396","0.24359104596078396"
"38","0.40034460090100765","0.40034460090100765","0.40034460090100765","0.2974962922744453","0.2974962922744453","0.2974962922744453","0.45024407701566815","0.45024407701566815","0.45024407701566815","0.09096993831917644","0.09096993831917644","0.09096993831917644","0.23595832008868456","0.23595832008868456","0.23595832008868456","0.2434376310557127","0.2434376310557127","0.2434376310557127"
"39","0.3968074913136661","0.3968074913136661","0.3968074913136661","0.2972126333042979","0.2972126333042979","0.2972126333042979","0.47474690712988377","0.47474690712988377","0.47474690712988377","0.0904056765139103","0.0904056765139103","0.0904056765139103","0.23474958539009094","0.23474958539009094","0.23474958539009094","0.2433264320716262","0.2433264320716262","0.2433264320716262"
"40","0.39316839491948485","0.39316839491948485","0.39316839491948485","0.29715109476819634","0.29715109476819634","0.29715109476819634","0.4997929548844695","0.4997929548844695","0.4997929548844695","0.08991004154086113","0.08991004154086113","0.08991004154086113","0.23379140626639128","0.23379140626639128","0.23379140626639128","0.24316464830189943","0.24316464830189943","0.24316464830189943"
"41","0.38926134957000613","0.38926134957000613","0.38926134957000613","0.2969929901883006","0.2969929901883006","0.2969929901883006","0.525908668525517","0.525908668525517","0.525908668525517","0.08946955809369683","0.08946955809369683","0.08946955809369683","0.2329146433621645","0.2329146433621645","0.2329146433621645","0.2430598121136427","0.2430598121136427","0.2430598121136427"
"42","0.3852496054023504","0.3852496054023504","0.3852496054023504","0.29688506154343486","0.29688506154343486","0.29688506154343486","0.5443488997407258","0.5443488997407258","0.5443488997407258","0.08906558016315103","0.08906558016315103","0.08906558016315103","0.23216961650177836","0.23216961650177836","0.23216961650177836","0.24294447991997004","0.24294447991997004","0.24294447991997004"
"43","0.3812309745699167","0.3812309745699167","0.3812309745699167","0.2969125215895474","0.2969125215895474","0.2969125215895474","0.5570276766084135","0.5570276766084135","0.5570276766084135","0.088714350014925","0.088714350014925","0.088714350014925","0.2315125062596053","0.2315125062596053","0.2315125062596053","0.2428415371105075","0.2428415371105075","0.2428415371105075"
"44","0.37742965016514063","0.37742965016514063","0.37742965016514063","0.296798478346318","0.296798478346318","0.296798478346318","0.5599934789352119","0.5599934789352119","0.5599934789352119","0.08837705245241523","0.08837705245241523","0.08837705245241523","0.23081824812106788","0.23081824812106788","0.23081824812106788","0.24271263927221298","0.24271263927221298","0.24271263927221298"
"45","0.37367638666182756","0.37367638666182756","0.37367638666182756","0.2966942163184285","0.2966942163184285","0.2966942163184285","0.5889832568354905","0.5889832568354905","0.5889832568354905","0.08814396429806948","0.08814396429806948","0.08814396429806948","0.2302867635153234","0.2302867635153234","0.2302867635153234","0.2426133994013071","0.2426133994013071","0.2426133994013071"
"46","0.3701954111456871","0.3701954111456871","0.3701954111456871","0.2970531154423952","0.2970531154423952","0.2970531154423952","0.5933456276543438","0.5933456276543438","0.5933456276543438","0.08796022180467844","0.08796022180467844","0.08796022180467844","0.22979597048833966","0.22979597048833966","0.22979597048833966","0.2424846738576889","0.2424846738576889","0.2424846738576889"
"47","0.3669346421957016","0.3669346421957016","0.3669346421957016","0.2973857270553708","0.2973857270553708","0.2973857270553708","0.5961029096506536","0.5961029096506536","0.5961029096506536","0.08781195897608995","0.08781195897608995","0.08781195897608995","0.22944452124647796","0.22944452124647796","0.22944452124647796","0.24235384073108435","0.24235384073108435","0.24235384073108435"
"48","0.36389573849737644","0.36389573849737644","0.36389573849737644","0.29759494587779045","0.29759494587779045","0.29759494587779045","0.5954104252159595","0.5954104252159595","0.5954104252159595","0.08767837099730968","0.08767837099730968","0.08767837099730968","0.22916174260899425","0.22916174260899425","0.22916174260899425","0.24223893322050571","0.24223893322050571","0.24223893322050571"
"49","0.36094816122204065","0.36094816122204065","0.36094816122204065","0.2978724902495742","0.2978724902495742","0.2978724902495742","0.5985111123882234","0.5985111123882234","0.5985111123882234","0.08755112998187542","0.08755112998187542","0.08755112998187542","0.22899030754342675","0.22899030754342675","0.22899030754342675","0.24208453483879566","0.24208453483879566","0.24208453483879566"
"50","0.35833729710429907","0.35833729710429907","0.35833729710429907","0.2982021914795041","0.2982021914795041","0.2982021914795041","0.6016010232269764","0.6016010232269764","0.6016010232269764","0.08746070880442858","0.08746070880442858","0.08746070880442858","0.2288048213813454","0.2288048213813454","0.2288048213813454","0.241965196095407","0.241965196095407","0.241965196095407"
"51","0.3558355774730444","0.3558355774730444","0.3558355774730444","0.2983527351170778","0.2983527351170778","0.2983527351170778","0.6012399778701365","0.6012399778701365","0.6012399778701365","0.08732827054336667","0.08732827054336667","0.08732827054336667","0.22866866877302527","0.22866866877302527","0.22866866877302527","0.2418321343138814","0.2418321343138814","0.2418321343138814"
"52","0.3535370286554098","0.3535370286554098","0.3535370286554098","0.2986668539233506","0.2986668539233506","0.2986668539233506","0.5921852034516633","0.5921852034516633","0.5921852034516633","0.08716297568753362","0.08716297568753362","0.08716297568753362","0.22852570284157991","0.22852570284157991","0.22852570284157991","0.24171050917357206","0.24171050917357206","0.24171050917357206"
"53","0.3514736662618816","0.3514736662618816","0.3514736662618816","0.2989099873229861","0.2989099873229861","0.2989099873229861","0.5773509317077696","0.5773509317077696","0.5773509317077696","0.08697275165468454","0.08697275165468454","0.08697275165468454","0.22846708027645946","0.22846708027645946","0.22846708027645946","0.24157435819506645","0.24157435819506645","0.24157435819506645"
"54","0.3495635995641351","0.3495635995641351","0.3495635995641351","0.29908448923379183","0.29908448923379183","0.29908448923379183","0.5777762997895479","0.5777762997895479","0.5777762997895479","0.08673436474055052","0.08673436474055052","0.08673436474055052","0.22844596975483","0.22844596975483","0.22844596975483","0.24146827403455973","0.24146827403455973","0.24146827403455973"
"55","0.3478260887786746","0.3478260887786746","0.3478260887786746","0.2991479462943971","0.2991479462943971","0.2991479462943971","0.5740769025869668","0.5740769025869668","0.5740769025869668","0.0864445473998785","0.0864445473998785","0.0864445473998785","0.22850324888713658","0.22850324888713658","0.22850324888713658","0.2413267930969596","0.2413267930969596","0.2413267930969596"
"56","0.34644123120233417","0.34644123120233417","0.34644123120233417","0.2996351746842265","0.2996351746842265","0.2996351746842265","0.5709926378913224","0.5709926378913224","0.5709926378913224","0.08612907025963068","0.08612907025963068","0.08612907025963068","0.2285631224513054","0.2285631224513054","0.2285631224513054","0.2412156956270337","0.2412156956270337","0.2412156956270337"
"57","0.34519266337156296","0.34519266337156296","0.34519266337156296","0.299989094492048","0.299989094492048","0.299989094492048","0.5698132151737809","0.5698132151737809","0.5698132151737809","0.08580312738195062","0.08580312738195062","0.08580312738195062","0.22880157665349543","0.22880157665349543","0.22880157665349543","0.24115704745054245","0.24115704745054245","0.24115704745054245"
"58","0.344011717941612","0.344011717941612","0.344011717941612","0.30042215529829264","0.30042215529829264","0.30042215529829264","0.5680655180476606","0.5680655180476606","0.5680655180476606","0.085488336160779","0.085488336160779","0.085488336160779","0.2289053644053638","0.2289053644053638","0.2289053644053638","0.2410267125815153","0.2410267125815153","0.2410267125815153"
"59","0.3428581841289997","0.3428581841289997","0.3428581841289997","0.3007416445761919","0.3007416445761919","0.3007416445761919","0.5654540555551648","0.5654540555551648","0.5654540555551648","0.08521656203083694","0.08521656203083694","0.08521656203083694","0.22908415459096432","0.22908415459096432","0.22908415459096432","0.24089702405035496","0.24089702405035496","0.24089702405035496"
"60","0.342047986574471","0.342047986574471","0.342047986574471","0.3011617283336818","0.3011617283336818","0.3011617283336818","0.562132591381669","0.562132591381669","0.562132591381669","0.08501877775415778","0.08501877775415778","0.08501877775415778","0.22930754767730832","0.22930754767730832","0.22930754767730832","0.24078492168337107","0.24078492168337107","0.24078492168337107"
"61","0.34135733684524894","0.34135733684524894","0.34135733684524894","0.30156229343265295","0.30156229343265295","0.30156229343265295","0.5589820854365826","0.5589820854365826","0.5589820854365826","0.08487094170413911","0.08487094170413911","0.08487094170413911","0.22952149994671345","0.22952149994671345","0.22952149994671345","0.24064745102077723","0.24064745102077723","0.24064745102077723"
"62","0.3406848064623773","0.3406848064623773","0.3406848064623773","0.3020364688709378","0.3020364688709378","0.3020364688709378","0.5560069601051509","0.5560069601051509","0.5560069601051509","0.08474667510017753","0.08474667510017753","0.08474667510017753","0.22985297604463995","0.22985297604463995","0.22985297604463995","0.2405140157788992","0.2405140157788992","0.2405140157788992"
"63","0.34037308767437935","0.34037308767437935","0.34037308767437935","0.3025972070172429","0.3025972070172429","0.3025972070172429","0.5535773374140263","0.5535773374140263","0.5535773374140263","0.084635014180094","0.084635014180094","0.084635014180094","0.230102495290339","0.230102495290339","0.230102495290339","0.24039101507514715","0.24039101507514715","0.24039101507514715"
"64","0.33999110013246536","0.33999110013246536","0.33999110013246536","0.30319157615303993","0.30319157615303993","0.30319157615303993","0.5516909216530621","0.5516909216530621","0.5516909216530621","0.08454433968290687","0.08454433968290687","0.08454433968290687","0.23036352614872158","0.23036352614872158","0.23036352614872158","0.24021681398153305","0.24021681398153305","0.24021681398153305"
"65","0.3397179516032338","0.3397179516032338","0.3397179516032338","0.3037039986811578","0.3037039986811578","0.3037039986811578","0.5505428975448012","0.5505428975448012","0.5505428975448012","0.08448266750201583","0.08448266750201583","0.08448266750201583","0.23067744611762464","0.23067744611762464","0.23067744611762464","0.24009414482861757","0.24009414482861757","0.24009414482861757"
"66","0.339820574503392","0.339820574503392","0.339820574503392","0.3045116988942027","0.3045116988942027","0.3045116988942027","0.5496661700308323","0.5496661700308323","0.5496661700308323","0.08444296102970839","0.08444296102970839","0.08444296102970839","0.23098725895397365","0.23098725895397365","0.23098725895397365","0.23997575975954533","0.23997575975954533","0.23997575975954533"
"67","0.3394552171230316","0.3394552171230316","0.3394552171230316","0.3053511781617999","0.3053511781617999","0.3053511781617999","0.5484975259751081","0.5484975259751081","0.5484975259751081","0.08442316297441721","0.08442316297441721","0.08442316297441721","0.23154098400846124","0.23154098400846124","0.23154098400846124","0.23985957726836205","0.23985957726836205","0.23985957726836205"
"68","0.3393099717795849","0.3393099717795849","0.3393099717795849","0.3062075236812234","0.3062075236812234","0.3062075236812234","0.5476262676529586","0.5476262676529586","0.5476262676529586","0.0844377325847745","0.0844377325847745","0.0844377325847745","0.23202265007421374","0.23202265007421374","0.23202265007421374","0.23975062556564808","0.23975062556564808","0.23975062556564808"
"69","0.3394263959489763","0.3394263959489763","0.3394263959489763","0.3070492800325155","0.3070492800325155","0.3070492800325155","0.5465892697684467","0.5465892697684467","0.5465892697684467","0.08446699427440763","0.08446699427440763","0.08446699427440763","0.23262312170118093","0.23262312170118093","0.23262312170118093","0.23968144226819277","0.23968144226819277","0.23968144226819277"
"70","0.33963322220370173","0.33963322220370173","0.33963322220370173","0.30807452695444226","0.30807452695444226","0.30807452695444226","0.5459166411310434","0.5459166411310434","0.5459166411310434","0.08451646869070828","0.08451646869070828","0.08451646869070828","0.23316828487440944","0.23316828487440944","0.23316828487440944","0.23958371207118034","0.23958371207118034","0.23958371207118034"
"71","0.33992685191333294","0.33992685191333294","0.33992685191333294","0.3091661902144551","0.3091661902144551","0.3091661902144551","0.545185858849436","0.545185858849436","0.545185858849436","0.08456621714867651","0.08456621714867651","0.08456621714867651","0.23377908230759203","0.23377908230759203","0.23377908230759203","0.23951319884508848","0.23951319884508848","0.23951319884508848"
"72","0.34057410759851336","0.34057410759851336","0.34057410759851336","0.3102225288748741","0.3102225288748741","0.3102225288748741","0.5447418289259076","0.5447418289259076","0.5447418289259076","0.08460874785669148","0.08460874785669148","0.08460874785669148","0.23445568792521954","0.23445568792521954","0.23445568792521954","0.2394431307911873","0.2394431307911873","0.2394431307911873"
"73","0.3408305523917079","0.3408305523917079","0.3408305523917079","0.3113546962849796","0.3113546962849796","0.3113546962849796","0.5444435807876289","0.5444435807876289","0.5444435807876289","0.08464854769408703","0.08464854769408703","0.08464854769408703","0.23518060985952616","0.23518060985952616","0.23518060985952616","0.23929424583911896","0.23929424583911896","0.23929424583911896"
"74","0.3415607502683997","0.3415607502683997","0.3415607502683997","0.31245199451223016","0.31245199451223016","0.31245199451223016","0.5441668075509369","0.5441668075509369","0.5441668075509369","0.08466770686209202","0.08466770686209202","0.08466770686209202","0.23596360138617456","0.23596360138617456","0.23596360138617456","0.23923783283680677","0.23923783283680677","0.23923783283680677"
"75","0.34213906340301037","0.34213906340301037","0.34213906340301037","0.31384352222085","0.31384352222085","0.31384352222085","0.5440089032053947","0.5440089032053947","0.5440089032053947","0.08467747084796429","0.08467747084796429","0.08467747084796429","0.23672833805903792","0.23672833805903792","0.23672833805903792","0.23920993972569704","0.23920993972569704","0.23920993972569704"
"76","0.34286915231496096","0.34286915231496096","0.34286915231496096","0.3152427370660007","0.3152427370660007","0.3152427370660007","0.5437461249530315","0.5437461249530315","0.5437461249530315","0.08467599330469966","0.08467599330469966","0.08467599330469966","0.23767488403245807","0.23767488403245807","0.23767488403245807","0.23915609065443277","0.23915609065443277","0.23915609065443277"
"77","0.3436927357688546","0.3436927357688546","0.3436927357688546","0.3165407618507743","0.3165407618507743","0.3165407618507743","0.5437867809087038","0.5437867809087038","0.5437867809087038","0.08467238466255367","0.08467238466255367","0.08467238466255367","0.23856006120331585","0.23856006120331585","0.23856006120331585","0.23905814997851849","0.23905814997851849","0.23905814997851849"
"78","0.34472730150446296","0.34472730150446296","0.34472730150446296","0.31820689095184207","0.31820689095184207","0.31820689095184207","0.5439460747875273","0.5439460747875273","0.5439460747875273","0.08466332778334618","0.08466332778334618","0.08466332778334618","0.23959080083295703","0.23959080083295703","0.23959080083295703","0.2389779882505536","0.2389779882505536","0.2389779882505536"
"79","0.34549321746453643","0.34549321746453643","0.34549321746453643","0.3196643777191639","0.3196643777191639","0.3196643777191639","0.5438049919903278","0.5438049919903278","0.5438049919903278","0.08465556893497705","0.08465556893497705","0.08465556893497705","0.24078682623803616","0.24078682623803616","0.24078682623803616","0.2389292847365141","0.2389292847365141","0.2389292847365141"
"80","0.34639948047697544","0.34639948047697544","0.34639948047697544","0.32099716924130917","0.32099716924130917","0.32099716924130917","0.5448762117885053","0.5448762117885053","0.5448762117885053","0.0846445697825402","0.0846445697825402","0.0846445697825402","0.24195191520266235","0.24195191520266235","0.24195191520266235","0.23886950872838497","0.23886950872838497","0.23886950872838497"
"81","0.34603925375267863","0.34603925375267863","0.34603925375267863","0.32089124945923686","0.32089124945923686","0.32089124945923686","0.534938229713589","0.534938229713589","0.534938229713589","0.08462776779197156","0.08462776779197156","0.08462776779197156","0.24205893487669528","0.24205893487669528","0.24205893487669528","0.23905307054519653","0.23905307054519653","0.23905307054519653"
"82","0.3457774925045669","0.3457774925045669","0.3457774925045669","0.3211502148769796","0.3211502148769796","0.3211502148769796","0.528127184137702","0.528127184137702","0.528127184137702","0.08460887125693262","0.08460887125693262","0.08460887125693262","0.2421741756843403","0.2421741756843403","0.2421741756843403","0.23919301759451628","0.23919301759451628","0.23919301759451628"
"83","0.3455300363712013","0.3455300363712013","0.3455300363712013","0.3215234433300793","0.3215234433300793","0.3215234433300793","0.5251973047852516","0.5251973047852516","0.5251973047852516","0.08458694140426815","0.08458694140426815","0.08458694140426815","0.24230849370360374","0.24230849370360374","0.24230849370360374","0.2393180886283517","0.2393180886283517","0.2393180886283517"
"84","0.3452931893989444","0.3452931893989444","0.3452931893989444","0.3217965057119727","0.3217965057119727","0.3217965057119727","0.5236053592525423","0.5236053592525423","0.5236053592525423","0.08456096984446049","0.08456096984446049","0.08456096984446049","0.24244450486730784","0.24244450486730784","0.24244450486730784","0.23937890212982893","0.23937890212982893","0.23937890212982893"
"85","0.3451236649416387","0.3451236649416387","0.3451236649416387","0.32207069639116526","0.32207069639116526","0.32207069639116526","0.5224162833765149","0.5224162833765149","0.5224162833765149","0.08454113733023405","0.08454113733023405","0.08454113733023405","0.24258474470116198","0.24258474470116198","0.24258474470116198","0.23943474609404802","0.23943474609404802","0.23943474609404802"
"86","0.34496065555140376","0.34496065555140376","0.34496065555140376","0.3223028122447431","0.3223028122447431","0.3223028122447431","0.5214730706065893","0.5214730706065893","0.5214730706065893","0.08451872784644365","0.08451872784644365","0.08451872784644365","0.24273000028915703","0.24273000028915703","0.24273000028915703","0.23946463037282228","0.23946463037282228","0.23946463037282228"
"87","0.3448773371055722","0.3448773371055722","0.3448773371055722","0.3225303925573826","0.3225303925573826","0.3225303925573826","0.5205583516508341","0.5205583516508341","0.5205583516508341","0.08449637261219323","0.08449637261219323","0.08449637261219323","0.24285631766542792","0.24285631766542792","0.24285631766542792","0.23949176538735628","0.23949176538735628","0.23949176538735628"
"88","0.3448361698538065","0.3448361698538065","0.3448361698538065","0.32275386713445187","0.32275386713445187","0.32275386713445187","0.519681834615767","0.519681834615767","0.519681834615767","0.08447809144854546","0.08447809144854546","0.08447809144854546","0.242998358909972","0.242998358909972","0.242998358909972","0.23950364533811808","0.23950364533811808","0.23950364533811808"
"89","0.3448562449775636","0.3448562449775636","0.3448562449775636","0.3230074495077133","0.3230074495077133","0.3230074495077133","0.5189050654880702","0.5189050654880702","0.5189050654880702","0.08446165383793414","0.08446165383793414","0.08446165383793414","0.24314343556761742","0.24314343556761742","0.24314343556761742","0.2395104644820094","0.2395104644820094","0.2395104644820094"
"90","0.34480760619044304","0.34480760619044304","0.34480760619044304","0.32322815619409084","0.32322815619409084","0.32322815619409084","0.5180614776909351","0.5180614776909351","0.5180614776909351","0.0844474146142602","0.0844474146142602","0.0844474146142602","0.24328336433973163","0.24328336433973163","0.24328336433973163","0.23951963149011135","0.23951963149011135","0.23951963149011135"
"91","0.34471406042575836","0.34471406042575836","0.34471406042575836","0.3233861052431166","0.3233861052431166","0.3233861052431166","0.5172525863163173","0.5172525863163173","0.5172525863163173","0.08443058375269175","0.08443058375269175","0.08443058375269175","0.24342080950737","0.24342080950737","0.24342080950737","0.23952413722872734","0.23952413722872734","0.23952413722872734"
"92","0.34468321595340967","0.34468321595340967","0.34468321595340967","0.3235513558611274","0.3235513558611274","0.3235513558611274","0.5165296248160303","0.5165296248160303","0.5165296248160303","0.08441306138411164","0.08441306138411164","0.08441306138411164","0.2435837029479444","0.2435837029479444","0.2435837029479444","0.23952714819461107","0.23952714819461107","0.23952714819461107"
"93","0.344660178758204","0.344660178758204","0.344660178758204","0.323707670904696","0.323707670904696","0.323707670904696","0.51578089594841","0.51578089594841","0.51578089594841","0.08439758606255054","0.08439758606255054","0.08439758606255054","0.2437242886517197","0.2437242886517197","0.2437242886517197","0.23949991259723902","0.23949991259723902","0.23949991259723902"
"94","0.344685229472816","0.344685229472816","0.344685229472816","0.3238728288561106","0.3238728288561106","0.3238728288561106","0.5151325045153499","0.5151325045153499","0.5151325045153499","0.08438414358533919","0.08438414358533919","0.08438414358533919","0.24385930504649878","0.24385930504649878","0.24385930504649878","0.23951155692338943","0.23951155692338943","0.23951155692338943"
"95","0.34467774583026767","0.34467774583026767","0.34467774583026767","0.3240854097530246","0.3240854097530246","0.3240854097530246","0.5144978538155556","0.5144978538155556","0.5144978538155556","0.08436951506882906","0.08436951506882906","0.08436951506882906","0.24401210725773126","0.24401210725773126","0.24401210725773126","0.2395077208057046","0.2395077208057046","0.2395077208057046"
"96","0.3446991918608546","0.3446991918608546","0.3446991918608546","0.3242427837103605","0.3242427837103605","0.3242427837103605","0.5139282844029367","0.5139282844029367","0.5139282844029367","0.08435798157006502","0.08435798157006502","0.08435798157006502","0.24417238123714924","0.24417238123714924","0.24417238123714924","0.23952200636267662","0.23952200636267662","0.23952200636267662"
"97","0.3447159957140684","0.3447159957140684","0.3447159957140684","0.32439841516315937","0.32439841516315937","0.32439841516315937","0.51335668284446","0.51335668284446","0.51335668284446","0.08434459753334522","0.08434459753334522","0.08434459753334522","0.24432574468664825","0.24432574468664825","0.24432574468664825","0.2395355748012662","0.2395355748012662","0.2395355748012662"
"98","0.3447346342727542","0.3447346342727542","0.3447346342727542","0.3245661538094282","0.3245661538094282","0.3245661538094282","0.5127936750650406","0.5127936750650406","0.5127936750650406","0.0843280681874603","0.0843280681874603","0.0843280681874603","0.24449089355766773","0.24449089355766773","0.24449089355766773","0.23952745646238327","0.23952745646238327","0.23952745646238327"
"99","0.344739549793303","0.344739549793303","0.344739549793303","0.3247322151437402","0.3247322151437402","0.3247322151437402","0.5122613841667771","0.5122613841667771","0.5122613841667771","0.08431300241500139","0.08431300241500139","0.08431300241500139","0.24463700014166534","0.24463700014166534","0.24463700014166534","0.2395222084596753","0.2395222084596753","0.2395222084596753"
"100","0.344736167229712","0.344736167229712","0.344736167229712","0.32488606590777636","0.32488606590777636","0.32488606590777636","0.5117253148928285","0.5117253148928285","0.5117253148928285","0.08430318580940366","0.08430318580940366","0.08430318580940366","0.24480730574578047","0.24480730574578047","0.24480730574578047","0.23950924910604954","0.23950924910604954","0.23950924910604954"