"Step","stairs_pose_net_g - epoch/test_loss","stairs_pose_net_g - epoch/test_loss__MIN","stairs_pose_net_g - epoch/test_loss__MAX","pumpkin_pose_net_g - epoch/test_loss","pumpkin_pose_net_g - epoch/test_loss__MIN","pumpkin_pose_net_g - epoch/test_loss__MAX","office_pose_net_g - epoch/test_loss","office_pose_net_g - epoch/test_loss__MIN","office_pose_net_g - epoch/test_loss__MAX","heads_pose_net_g - epoch/test_loss","heads_pose_net_g - epoch/test_loss__MIN","heads_pose_net_g - epoch/test_loss__MAX","fire_pose_net_g - epoch/test_loss","fire_pose_net_g - epoch/test_loss__MIN","fire_pose_net_g - epoch/test_loss__MAX","chess_pose_net_g - epoch/test_loss","chess_pose_net_g - epoch/test_loss__MIN","chess_pose_net_g - epoch/test_loss__MAX"
"1","11.152684807777405","11.152684807777405","11.152684807777405","13.375043421983719","13.375043421983719","13.375043421983719","29.76319259405136","29.76319259405136","29.76319259405136","8.46498528122902","8.46498528122902","8.46498528122902","22.444592475891113","22.444592475891113","22.444592475891113","10.019201472401619","10.019201472401619","10.019201472401619"
"2","8.49830961227417","8.49830961227417","8.49830961227417","13.48655192553997","13.48655192553997","13.48655192553997","29.661808669567108","29.661808669567108","29.661808669567108","8.490896761417389","8.490896761417389","8.490896761417389","21.608556509017944","21.608556509017944","21.608556509017944","9.967694990336895","9.967694990336895","9.967694990336895"
"3","7.782709687948227","7.782709687948227","7.782709687948227","13.38421282172203","13.38421282172203","13.38421282172203","29.639084309339523","29.639084309339523","29.639084309339523","8.319338023662567","8.319338023662567","8.319338023662567","21.1199811398983","21.1199811398983","21.1199811398983","9.907854817807674","9.907854817807674","9.907854817807674"
"4","7.573625981807709","7.573625981807709","7.573625981807709","13.259726636111736","13.259726636111736","13.259726636111736","29.600869044661522","29.600869044661522","29.600869044661522","8.10468652844429","8.10468652844429","8.10468652844429","20.849814034998417","20.849814034998417","20.849814034998417","9.851216331124306","9.851216331124306","9.851216331124306"
"5","7.5312569588422775","7.5312569588422775","7.5312569588422775","13.161677658557892","13.161677658557892","13.161677658557892","29.56172277033329","29.56172277033329","29.56172277033329","7.907360658049583","7.907360658049583","7.907360658049583","20.687372252345085","20.687372252345085","20.687372252345085","9.80867338180542","9.80867338180542","9.80867338180542"
"6","7.512615337967873","7.512615337967873","7.512615337967873","13.067364938557148","13.067364938557148","13.067364938557148","29.52897335588932","29.52897335588932","29.52897335588932","7.76214325428009","7.76214325428009","7.76214325428009","20.59033028781414","20.59033028781414","20.59033028781414","9.774105004966259","9.774105004966259","9.774105004966259"
"7","7.485563039779663","7.485563039779663","7.485563039779663","12.991296909749508","12.991296909749508","12.991296909749508","29.498732030391693","29.498732030391693","29.498732030391693","7.664994478225708","7.664994478225708","7.664994478225708","20.525770358741283","20.525770358741283","20.525770358741283","9.745138794183731","9.745138794183731","9.745138794183731"
"8","7.450527995824814","7.450527995824814","7.450527995824814","12.914438784122467","12.914438784122467","12.914438784122467","29.470904126763344","29.470904126763344","29.470904126763344","7.598403796553612","7.598403796553612","7.598403796553612","20.475696317851543","20.475696317851543","20.475696317851543","9.718131445348263","9.718131445348263","9.718131445348263"
"9","7.414338693022728","7.414338693022728","7.414338693022728","12.845029205083847","12.845029205083847","12.845029205083847","29.44374769926071","29.44374769926071","29.44374769926071","7.552586406469345","7.552586406469345","7.552586406469345","20.433909863233566","20.433909863233566","20.433909863233566","9.692679651081562","9.692679651081562","9.692679651081562"
"10","7.384900897741318","7.384900897741318","7.384900897741318","12.772649072110653","12.772649072110653","12.772649072110653","29.41840521991253","29.41840521991253","29.41840521991253","7.519387811422348","7.519387811422348","7.519387811422348","20.39392814040184","20.39392814040184","20.39392814040184","9.66921617090702","9.66921617090702","9.66921617090702"
"11","7.35994778573513","7.35994778573513","7.35994778573513","12.703985966742039","12.703985966742039","12.703985966742039","29.395707294344902","29.395707294344902","29.395707294344902","7.493354976177216","7.493354976177216","7.493354976177216","20.35561391711235","20.35561391711235","20.35561391711235","9.647484213113785","9.647484213113785","9.647484213113785"
"12","7.336183622479439","7.336183622479439","7.336183622479439","12.636278070509434","12.636278070509434","12.636278070509434","29.37387950718403","29.37387950718403","29.37387950718403","7.472751572728157","7.472751572728157","7.472751572728157","20.315041407942772","20.315041407942772","20.315041407942772","9.62611622363329","9.62611622363329","9.62611622363329"
"13","7.309603303670883","7.309603303670883","7.309603303670883","12.571195341646671","12.571195341646671","12.571195341646671","29.35180227458477","29.35180227458477","29.35180227458477","7.456045717000961","7.456045717000961","7.456045717000961","20.27226532995701","20.27226532995701","20.27226532995701","9.604999534785748","9.604999534785748","9.604999534785748"
"14","7.285703167319298","7.285703167319298","7.285703167319298","12.510140284895897","12.510140284895897","12.510140284895897","29.328253835439682","29.328253835439682","29.328253835439682","7.44205629825592","7.44205629825592","7.44205629825592","20.234417103230953","20.234417103230953","20.234417103230953","9.58466562628746","9.58466562628746","9.58466562628746"
"15","7.263846457004547","7.263846457004547","7.263846457004547","12.451639547944069","12.451639547944069","12.451639547944069","29.30400563776493","29.30400563776493","29.30400563776493","7.430014371871948","7.430014371871948","7.430014371871948","20.199864476919174","20.199864476919174","20.199864476919174","9.563290171325207","9.563290171325207","9.563290171325207"
"16","7.246741130948067","7.246741130948067","7.246741130948067","12.38137012720108","12.38137012720108","12.38137012720108","29.27929177880287","29.27929177880287","29.27929177880287","7.419186666607857","7.419186666607857","7.419186666607857","20.16320225596428","20.16320225596428","20.16320225596428","9.542624421417713","9.542624421417713","9.542624421417713"
"17","7.230161756277084","7.230161756277084","7.230161756277084","12.315952770411968","12.315952770411968","12.315952770411968","29.254534378647804","29.254534378647804","29.254534378647804","7.409899324178696","7.409899324178696","7.409899324178696","20.12686002254486","20.12686002254486","20.12686002254486","9.52364867925644","9.52364867925644","9.52364867925644"
"18","7.215531304478645","7.215531304478645","7.215531304478645","12.246878705918789","12.246878705918789","12.246878705918789","29.22938348352909","29.22938348352909","29.22938348352909","7.401653930544853","7.401653930544853","7.401653930544853","20.08702677488327","20.08702677488327","20.08702677488327","9.504287019371986","9.504287019371986","9.504287019371986"
"19","7.200215712189674","7.200215712189674","7.200215712189674","12.18193855136633","12.18193855136633","12.18193855136633","29.204392835497856","29.204392835497856","29.204392835497856","7.39401051402092","7.39401051402092","7.39401051402092","20.05336306244135","20.05336306244135","20.05336306244135","9.482340209186077","9.482340209186077","9.482340209186077"
"20","7.186045914888382","7.186045914888382","7.186045914888382","12.115151226520538","12.115151226520538","12.115151226520538","29.178241908550262","29.178241908550262","29.178241908550262","7.386456415057182","7.386456415057182","7.386456415057182","20.013975478708744","20.013975478708744","20.013975478708744","9.463840529322624","9.463840529322624","9.463840529322624"
"21","7.17457415163517","7.17457415163517","7.17457415163517","12.052283748984337","12.052283748984337","12.052283748984337","29.15212182700634","29.15212182700634","29.15212182700634","7.37819242477417","7.37819242477417","7.37819242477417","19.975455798208714","19.975455798208714","19.975455798208714","9.443012729287148","9.443012729287148","9.443012729287148"
"22","7.164127141237259","7.164127141237259","7.164127141237259","11.987739097326994","11.987739097326994","11.987739097326994","29.12600964307785","29.12600964307785","29.12600964307785","7.369723692536354","7.369723692536354","7.369723692536354","19.93538648635149","19.93538648635149","19.93538648635149","9.422469206154346","9.422469206154346","9.422469206154346"
"23","7.156101047992706","7.156101047992706","7.156101047992706","11.919966589659452","11.919966589659452","11.919966589659452","29.096804335713387","29.096804335713387","29.096804335713387","7.361148416996002","7.361148416996002","7.361148416996002","19.897908732295036","19.897908732295036","19.897908732295036","9.402837976813316","9.402837976813316","9.402837976813316"
"24","7.142862975597382","7.142862975597382","7.142862975597382","11.848335288465023","11.848335288465023","11.848335288465023","29.06917956471443","29.06917956471443","29.06917956471443","7.352016165852547","7.352016165852547","7.352016165852547","19.86124325543642","19.86124325543642","19.86124325543642","9.381895877420902","9.381895877420902","9.381895877420902"
"25","7.131733700633049","7.131733700633049","7.131733700633049","11.778930511325598","11.778930511325598","11.778930511325598","29.040478870272636","29.040478870272636","29.040478870272636","7.34250009059906","7.34250009059906","7.34250009059906","19.821387834846973","19.821387834846973","19.821387834846973","9.360435456037521","9.360435456037521","9.360435456037521"
"26","7.121106520295143","7.121106520295143","7.121106520295143","11.70758131891489","11.70758131891489","11.70758131891489","29.00996458530426","29.00996458530426","29.00996458530426","7.333039492368698","7.333039492368698","7.333039492368698","19.780983589589596","19.780983589589596","19.780983589589596","9.339422583580017","9.339422583580017","9.339422583580017"
"27","7.1109908670187","7.1109908670187","7.1109908670187","11.632101733237505","11.632101733237505","11.632101733237505","28.979673504829407","28.979673504829407","28.979673504829407","7.323549076914787","7.323549076914787","7.323549076914787","19.7399061024189","19.7399061024189","19.7399061024189","9.317209638655186","9.317209638655186","9.317209638655186"
"28","7.101094722747803","7.101094722747803","7.101094722747803","11.552839696407318","11.552839696407318","11.552839696407318","28.94851517677307","28.94851517677307","28.94851517677307","7.314187929034233","7.314187929034233","7.314187929034233","19.701204761862755","19.701204761862755","19.701204761862755","9.294617481529713","9.294617481529713","9.294617481529713"
"29","7.092738002538681","7.092738002538681","7.092738002538681","11.477136019617319","11.477136019617319","11.477136019617319","28.91866908967495","28.91866908967495","28.91866908967495","7.304522767663002","7.304522767663002","7.304522767663002","19.660217069089413","19.660217069089413","19.660217069089413","9.272568590939045","9.272568590939045","9.272568590939045"
"30","7.08426970243454","7.08426970243454","7.08426970243454","11.400810774415731","11.400810774415731","11.400810774415731","28.886206284165382","28.886206284165382","28.886206284165382","7.295419320464134","7.295419320464134","7.295419320464134","19.618813537061214","19.618813537061214","19.618813537061214","9.250674165785313","9.250674165785313","9.250674165785313"
"31","7.073555842041969","7.073555842041969","7.073555842041969","11.319570440798998","11.319570440798998","11.319570440798998","28.856074035167694","28.856074035167694","28.856074035167694","7.286867842078209","7.286867842078209","7.286867842078209","19.57966659218073","19.57966659218073","19.57966659218073","9.228382848203182","9.228382848203182","9.228382848203182"
"32","7.059020519256592","7.059020519256592","7.059020519256592","11.23711609840393","11.23711609840393","11.23711609840393","28.823790326714516","28.823790326714516","28.823790326714516","7.278104931116104","7.278104931116104","7.278104931116104","19.53618062287569","19.53618062287569","19.53618062287569","9.205309510231018","9.205309510231018","9.205309510231018"
"33","7.046904340386391","7.046904340386391","7.046904340386391","11.150821097195148","11.150821097195148","11.150821097195148","28.790554866194725","28.790554866194725","28.790554866194725","7.269967317581177","7.269967317581177","7.269967317581177","19.48895165324211","19.48895165324211","19.48895165324211","9.183839984238148","9.183839984238148","9.183839984238148"
"34","7.035550802946091","7.035550802946091","7.035550802946091","11.062818761914968","11.062818761914968","11.062818761914968","28.753727331757545","28.753727331757545","28.753727331757545","7.2620288878679276","7.2620288878679276","7.2620288878679276","19.44406920671463","19.44406920671463","19.44406920671463","9.161248311400414","9.161248311400414","9.161248311400414"
"35","7.02634009718895","7.02634009718895","7.02634009718895","10.978165127336979","10.978165127336979","10.978165127336979","28.716661646962166","28.716661646962166","28.716661646962166","7.253404945135117","7.253404945135117","7.253404945135117","19.400587275624275","19.400587275624275","19.400587275624275","9.139003492891788","9.139003492891788","9.139003492891788"
"36","7.014733627438545","7.014733627438545","7.014733627438545","10.894462004303932","10.894462004303932","10.894462004303932","28.680120676755905","28.680120676755905","28.680120676755905","7.244419574737549","7.244419574737549","7.244419574737549","19.356696888804436","19.356696888804436","19.356696888804436","9.114879004657269","9.114879004657269","9.114879004657269"
"37","7.003910005092621","7.003910005092621","7.003910005092621","10.811145305633545","10.811145305633545","10.811145305633545","28.64196115732193","28.64196115732193","28.64196115732193","7.2351521253585815","7.2351521253585815","7.2351521253585815","19.309491142630577","19.309491142630577","19.309491142630577","9.089394330978394","9.089394330978394","9.089394330978394"
"38","6.993045434355736","6.993045434355736","6.993045434355736","10.717556945979595","10.717556945979595","10.717556945979595","28.60019351541996","28.60019351541996","28.60019351541996","7.2260522544384","7.2260522544384","7.2260522544384","19.265650242567062","19.265650242567062","19.265650242567062","9.06408467143774","9.06408467143774","9.06408467143774"
"39","6.980507716536522","6.980507716536522","6.980507716536522","10.634655684232712","10.634655684232712","10.634655684232712","28.558641955256462","28.558641955256462","28.558641955256462","7.2166818380355835","7.2166818380355835","7.2166818380355835","19.211561232805252","19.211561232805252","19.211561232805252","9.039700008928776","9.039700008928776","9.039700008928776"
"40","6.9720054268836975","6.9720054268836975","6.9720054268836975","10.531079560518265","10.531079560518265","10.531079560518265","28.518200397491455","28.518200397491455","28.518200397491455","7.2087737917900085","7.2087737917900085","7.2087737917900085","19.161610148847103","19.161610148847103","19.161610148847103","9.013213098049164","9.013213098049164","9.013213098049164"
"41","6.962130069732666","6.962130069732666","6.962130069732666","10.427140455693007","10.427140455693007","10.427140455693007","28.476112708449364","28.476112708449364","28.476112708449364","7.2006213665008545","7.2006213665008545","7.2006213665008545","19.11428102850914","19.11428102850914","19.11428102850914","8.986100599169731","8.986100599169731","8.986100599169731"
"42","6.949901774525642","6.949901774525642","6.949901774525642","10.334165792912245","10.334165792912245","10.334165792912245","28.42989209294319","28.42989209294319","28.42989209294319","7.192274823784828","7.192274823784828","7.192274823784828","19.065554447472095","19.065554447472095","19.065554447472095","8.958305656909943","8.958305656909943","8.958305656909943"
"43","6.9353217035532","6.9353217035532","6.9353217035532","10.24024023488164","10.24024023488164","10.24024023488164","28.38100153207779","28.38100153207779","28.38100153207779","7.184464603662491","7.184464603662491","7.184464603662491","19.010353103280067","19.010353103280067","19.010353103280067","8.931031323969364","8.931031323969364","8.931031323969364"
"44","6.922693729400635","6.922693729400635","6.922693729400635","10.147169794887304","10.147169794887304","10.147169794887304","28.33065214753151","28.33065214753151","28.33065214753151","7.175994738936424","7.175994738936424","7.175994738936424","18.955160409212112","18.955160409212112","18.955160409212112","8.90320660918951","8.90320660918951","8.90320660918951"
"45","6.915148004889488","6.915148004889488","6.915148004889488","10.042085368186235","10.042085368186235","10.042085368186235","28.28031811118126","28.28031811118126","28.28031811118126","7.16598616540432","7.16598616540432","7.16598616540432","18.895393051207066","18.895393051207066","18.895393051207066","8.873878389596939","8.873878389596939","8.873878389596939"
"46","6.903669625520706","6.903669625520706","6.903669625520706","9.931023120880127","9.931023120880127","9.931023120880127","28.224951326847076","28.224951326847076","28.224951326847076","7.156315416097641","7.156315416097641","7.156315416097641","18.83991038054228","18.83991038054228","18.83991038054228","8.84628489613533","8.84628489613533","8.84628489613533"
"47","6.889666333794594","6.889666333794594","6.889666333794594","9.825529251247644","9.825529251247644","9.825529251247644","28.16772298514843","28.16772298514843","28.16772298514843","7.146791398525238","7.146791398525238","7.146791398525238","18.78587932884693","18.78587932884693","18.78587932884693","8.81682800501585","8.81682800501585","8.81682800501585"
"48","6.873777881264687","6.873777881264687","6.873777881264687","9.72145764902234","9.72145764902234","9.72145764902234","28.109711349010468","28.109711349010468","28.109711349010468","7.13720315694809","7.13720315694809","7.13720315694809","18.724759370088577","18.724759370088577","18.724759370088577","8.78679508715868","8.78679508715868","8.78679508715868"
"49","6.860464185476303","6.860464185476303","6.860464185476303","9.609328038990498","9.609328038990498","9.609328038990498","28.048125103116035","28.048125103116035","28.048125103116035","7.127783536911011","7.127783536911011","7.127783536911011","18.66447376459837","18.66447376459837","18.66447376459837","8.755209043622017","8.755209043622017","8.755209043622017"
"50","6.846169278025627","6.846169278025627","6.846169278025627","9.50179648771882","9.50179648771882","9.50179648771882","27.982017785310745","27.982017785310745","27.982017785310745","7.118655264377594","7.118655264377594","7.118655264377594","18.601698115468025","18.601698115468025","18.601698115468025","8.721871510148048","8.721871510148048","8.721871510148048"
"51","6.833428129553795","6.833428129553795","6.833428129553795","9.392448518425226","9.392448518425226","9.392448518425226","27.91654074192047","27.91654074192047","27.91654074192047","7.110305607318878","7.110305607318878","7.110305607318878","18.53810441493988","18.53810441493988","18.53810441493988","8.689041495323181","8.689041495323181","8.689041495323181"
"52","6.821852892637253","6.821852892637253","6.821852892637253","9.28171081468463","9.28171081468463","9.28171081468463","27.849769681692123","27.849769681692123","27.849769681692123","7.100965827703476","7.100965827703476","7.100965827703476","18.476527020335197","18.476527020335197","18.476527020335197","8.655798837542534","8.655798837542534","8.655798837542534"
"53","6.8132785856723785","6.8132785856723785","6.8132785856723785","9.162451803684235","9.162451803684235","9.162451803684235","27.780236467719078","27.780236467719078","27.780236467719078","7.092184692621231","7.092184692621231","7.092184692621231","18.407358177006245","18.407358177006245","18.407358177006245","8.622147604823112","8.622147604823112","8.622147604823112"
"54","6.797349184751511","6.797349184751511","6.797349184751511","9.051586203277111","9.051586203277111","9.051586203277111","27.701461598277092","27.701461598277092","27.701461598277092","7.083868131041527","7.083868131041527","7.083868131041527","18.341510578989983","18.341510578989983","18.341510578989983","8.587046831846237","8.587046831846237","8.587046831846237"
"55","6.784760296344757","6.784760296344757","6.784760296344757","8.931104563176632","8.931104563176632","8.931104563176632","27.620074570178986","27.620074570178986","27.620074570178986","7.075288727879524","7.075288727879524","7.075288727879524","18.274567931890488","18.274567931890488","18.274567931890488","8.549709610641003","8.549709610641003","8.549709610641003"
"56","6.773199051618576","6.773199051618576","6.773199051618576","8.810331869870424","8.810331869870424","8.810331869870424","27.53431974351406","27.53431974351406","27.53431974351406","7.066106542944908","7.066106542944908","7.066106542944908","18.1996775791049","18.1996775791049","18.1996775791049","8.511772692203522","8.511772692203522","8.511772692203522"
"57","6.758083000779152","6.758083000779152","6.758083000779152","8.699296921491623","8.699296921491623","8.699296921491623","27.44717213511467","27.44717213511467","27.44717213511467","7.057141691446304","7.057141691446304","7.057141691446304","18.130025826394558","18.130025826394558","18.130025826394558","8.47355654835701","8.47355654835701","8.47355654835701"
"58","6.7407862693071365","6.7407862693071365","6.7407862693071365","8.575887873768806","8.575887873768806","8.575887873768806","27.35616037249565","27.35616037249565","27.35616037249565","7.049569487571716","7.049569487571716","7.049569487571716","18.05232860893011","18.05232860893011","18.05232860893011","8.433804392814636","8.433804392814636","8.433804392814636"
"59","6.723841577768326","6.723841577768326","6.723841577768326","8.46367733180523","8.46367733180523","8.46367733180523","27.256074279546738","27.256074279546738","27.256074279546738","7.0413990914821625","7.0413990914821625","7.0413990914821625","17.974886566400528","17.974886566400528","17.974886566400528","8.395937703549862","8.395937703549862","8.395937703549862"
"60","6.705415412783623","6.705415412783623","6.705415412783623","8.358737647533417","8.358737647533417","8.358737647533417","27.150522753596306","27.150522753596306","27.150522753596306","7.03294138610363","7.03294138610363","7.03294138610363","17.89787532389164","17.89787532389164","17.89787532389164","8.354346163570881","8.354346163570881","8.354346163570881"
"61","6.692733243107796","6.692733243107796","6.692733243107796","8.239803396165371","8.239803396165371","8.239803396165371","27.038434952497482","27.038434952497482","27.038434952497482","7.023631975054741","7.023631975054741","7.023631975054741","17.82504141330719","17.82504141330719","17.82504141330719","8.312626205384731","8.312626205384731","8.312626205384731"
"62","6.6828353106975555","6.6828353106975555","6.6828353106975555","8.125779837369919","8.125779837369919","8.125779837369919","26.927004039287567","26.927004039287567","26.927004039287567","7.013731628656387","7.013731628656387","7.013731628656387","17.73989909887314","17.73989909887314","17.73989909887314","8.27344436943531","8.27344436943531","8.27344436943531"
"63","6.666007921099663","6.666007921099663","6.666007921099663","8.02299738675356","8.02299738675356","8.02299738675356","26.808210611343384","26.808210611343384","26.808210611343384","7.003433287143707","7.003433287143707","7.003433287143707","17.65878987312317","17.65878987312317","17.65878987312317","8.231428511440754","8.231428511440754","8.231428511440754"
"64","6.6460331082344055","6.6460331082344055","6.6460331082344055","7.9046232514083385","7.9046232514083385","7.9046232514083385","26.680729761719704","26.680729761719704","26.680729761719704","6.993052423000336","6.993052423000336","6.993052423000336","17.56884140521288","17.56884140521288","17.56884140521288","8.185777217149734","8.185777217149734","8.185777217149734"
"65","6.631242737174034","6.631242737174034","6.631242737174034","7.8065355978906155","7.8065355978906155","7.8065355978906155","26.543025240302086","26.543025240302086","26.543025240302086","6.982523158192635","6.982523158192635","6.982523158192635","17.48157975822687","17.48157975822687","17.48157975822687","8.138832420110703","8.138832420110703","8.138832420110703"
"66","6.616901651024818","6.616901651024818","6.616901651024818","7.697607539594173","7.697607539594173","7.697607539594173","26.39890493452549","26.39890493452549","26.39890493452549","6.972804203629494","6.972804203629494","6.972804203629494","17.394922509789467","17.394922509789467","17.394922509789467","8.093999654054642","8.093999654054642","8.093999654054642"
"67","6.598804846405983","6.598804846405983","6.598804846405983","7.604558899998665","7.604558899998665","7.604558899998665","26.241472765803337","26.241472765803337","26.241472765803337","6.9640291929244995","6.9640291929244995","6.9640291929244995","17.306720830500126","17.306720830500126","17.306720830500126","8.045474275946617","8.045474275946617","8.045474275946617"
"68","6.585739865899086","6.585739865899086","6.585739865899086","7.503621071577072","7.503621071577072","7.503621071577072","26.082806780934334","26.082806780934334","26.082806780934334","6.954905331134796","6.954905331134796","6.954905331134796","17.223409727215767","17.223409727215767","17.223409727215767","7.997378788888454","7.997378788888454","7.997378788888454"
"69","6.5641226172447205","6.5641226172447205","6.5641226172447205","7.384100072085857","7.384100072085857","7.384100072085857","25.915778696537018","25.915778696537018","25.915778696537018","6.945956468582153","6.945956468582153","6.945956468582153","17.129217736423016","17.129217736423016","17.129217736423016","7.949511215090752","7.949511215090752","7.949511215090752"
"70","6.546950146555901","6.546950146555901","6.546950146555901","7.309037018567324","7.309037018567324","7.309037018567324","25.729051634669304","25.729051634669304","25.729051634669304","6.936324164271355","6.936324164271355","6.936324164271355","17.043579183518887","17.043579183518887","17.043579183518887","7.898581974208355","7.898581974208355","7.898581974208355"
"71","6.528336763381958","6.528336763381958","6.528336763381958","7.213907402008772","7.213907402008772","7.213907402008772","25.53822933137417","25.53822933137417","25.53822933137417","6.926265001296997","6.926265001296997","6.926265001296997","16.94653845578432","16.94653845578432","16.94653845578432","7.846396543085575","7.846396543085575","7.846396543085575"
"72","6.511769309639931","6.511769309639931","6.511769309639931","7.126267474144697","7.126267474144697","7.126267474144697","25.335228264331818","25.335228264331818","25.335228264331818","6.916377052664757","6.916377052664757","6.916377052664757","16.86130452156067","16.86130452156067","16.86130452156067","7.794773444533348","7.794773444533348","7.794773444533348"
"73","6.4929061979055405","6.4929061979055405","6.4929061979055405","7.047090977430344","7.047090977430344","7.047090977430344","25.116757452487946","25.116757452487946","25.116757452487946","6.905732601881027","6.905732601881027","6.905732601881027","16.78135858476162","16.78135858476162","16.78135858476162","7.740679502487183","7.740679502487183","7.740679502487183"
"74","6.474040776491165","6.474040776491165","6.474040776491165","6.959657557308674","6.959657557308674","6.959657557308674","24.89204417169094","24.89204417169094","24.89204417169094","6.8953573405742645","6.8953573405742645","6.8953573405742645","16.686883956193924","16.686883956193924","16.686883956193924","7.685364030301571","7.685364030301571","7.685364030301571"
"75","6.449861943721771","6.449861943721771","6.449861943721771","6.87884895503521","6.87884895503521","6.87884895503521","24.642161190509796","24.642161190509796","24.642161190509796","6.886648595333099","6.886648595333099","6.886648595333099","16.58752939105034","16.58752939105034","16.58752939105034","7.630397506058216","7.630397506058216","7.630397506058216"
"76","6.427934244275093","6.427934244275093","6.427934244275093","6.795433908700943","6.795433908700943","6.795433908700943","24.40082174539566","24.40082174539566","24.40082174539566","6.8772901594638824","6.8772901594638824","6.8772901594638824","16.487624906003475","16.487624906003475","16.487624906003475","7.573089279234409","7.573089279234409","7.573089279234409"
"77","6.408168986439705","6.408168986439705","6.408168986439705","6.72537299990654","6.72537299990654","6.72537299990654","24.14549332857132","24.14549332857132","24.14549332857132","6.866663783788681","6.866663783788681","6.866663783788681","16.380662828683853","16.380662828683853","16.380662828683853","7.515285506844521","7.515285506844521","7.515285506844521"
"78","6.390366390347481","6.390366390347481","6.390366390347481","6.649025611579418","6.649025611579418","6.649025611579418","23.863252848386765","23.863252848386765","23.863252848386765","6.85613439977169","6.85613439977169","6.85613439977169","16.288365676999092","16.288365676999092","16.288365676999092","7.457916893064976","7.457916893064976","7.457916893064976"
"79","6.378067210316658","6.378067210316658","6.378067210316658","6.587788935750723","6.587788935750723","6.587788935750723","23.56069988012314","23.56069988012314","23.56069988012314","6.845050141215324","6.845050141215324","6.845050141215324","16.194915920495987","16.194915920495987","16.194915920495987","7.39863858371973","7.39863858371973","7.39863858371973"
"80","6.3600496500730515","6.3600496500730515","6.3600496500730515","6.53542235866189","6.53542235866189","6.53542235866189","23.258695662021637","23.258695662021637","23.258695662021637","6.8335989117622375","6.8335989117622375","6.8335989117622375","16.098462358117104","16.098462358117104","16.098462358117104","7.337365016341209","7.337365016341209","7.337365016341209"
"81","6.36676399409771","6.36676399409771","6.36676399409771","6.531452942639589","6.531452942639589","6.531452942639589","23.230402752757072","23.230402752757072","23.230402752757072","6.832025304436684","6.832025304436684","6.832025304436684","16.090981528162956","16.090981528162956","16.090981528162956","7.33031602203846","7.33031602203846","7.33031602203846"
"82","6.372792631387711","6.372792631387711","6.372792631387711","6.534048188477755","6.534048188477755","6.534048188477755","23.201822832226753","23.201822832226753","23.201822832226753","6.830641895532608","6.830641895532608","6.830641895532608","16.081022061407566","16.081022061407566","16.081022061407566","7.322505682706833","7.322505682706833","7.322505682706833"
"83","6.377506583929062","6.377506583929062","6.377506583929062","6.532162003219128","6.532162003219128","6.532162003219128","23.170180946588516","23.170180946588516","23.170180946588516","6.829545676708221","6.829545676708221","6.829545676708221","16.071616500616074","16.071616500616074","16.071616500616074","7.314976833760738","7.314976833760738","7.314976833760738"
"84","6.382475256919861","6.382475256919861","6.382475256919861","6.5311881974339485","6.5311881974339485","6.5311881974339485","23.14167594909668","23.14167594909668","23.14167594909668","6.828431889414787","6.828431889414787","6.828431889414787","16.06158985942602","16.06158985942602","16.06158985942602","7.307795703411102","7.307795703411102","7.307795703411102"
"85","6.387572064995766","6.387572064995766","6.387572064995766","6.526727054268122","6.526727054268122","6.526727054268122","23.107591792941093","23.107591792941093","23.107591792941093","6.827517852187157","6.827517852187157","6.827517852187157","16.052202627062798","16.052202627062798","16.052202627062798","7.301144570112228","7.301144570112228","7.301144570112228"
"86","6.391595125198364","6.391595125198364","6.391595125198364","6.521749876439571","6.521749876439571","6.521749876439571","23.076859667897224","23.076859667897224","23.076859667897224","6.826573118567467","6.826573118567467","6.826573118567467","16.04093896597624","16.04093896597624","16.04093896597624","7.294553056359291","7.294553056359291","7.294553056359291"
"87","6.394985035061836","6.394985035061836","6.394985035061836","6.5180617943406105","6.5180617943406105","6.5180617943406105","23.04491738975048","23.04491738975048","23.04491738975048","6.8255944699049","6.8255944699049","6.8255944699049","16.030433654785156","16.030433654785156","16.030433654785156","7.288216590881348","7.288216590881348","7.288216590881348"
"88","6.397800654172897","6.397800654172897","6.397800654172897","6.510940991342068","6.510940991342068","6.510940991342068","23.010645627975464","23.010645627975464","23.010645627975464","6.824603378772736","6.824603378772736","6.824603378772736","16.01934541016817","16.01934541016817","16.01934541016817","7.281456343829632","7.281456343829632","7.281456343829632"
"89","6.400193572044373","6.400193572044373","6.400193572044373","6.504014670848846","6.504014670848846","6.504014670848846","22.976948887109756","22.976948887109756","22.976948887109756","6.823681473731995","6.823681473731995","6.823681473731995","16.008682399988174","16.008682399988174","16.008682399988174","7.2745727598667145","7.2745727598667145","7.2745727598667145"
"90","6.4015999138355255","6.4015999138355255","6.4015999138355255","6.500501379370689","6.500501379370689","6.500501379370689","22.942290380597115","22.942290380597115","22.942290380597115","6.822709619998932","6.822709619998932","6.822709619998932","15.999027632176876","15.999027632176876","15.999027632176876","7.268191292881966","7.268191292881966","7.268191292881966"
"91","6.402707427740097","6.402707427740097","6.402707427740097","6.49585348367691","6.49585348367691","6.49585348367691","22.908735021948814","22.908735021948814","22.908735021948814","6.821722626686096","6.821722626686096","6.821722626686096","15.989025071263313","15.989025071263313","15.989025071263313","7.261856734752655","7.261856734752655","7.261856734752655"
"92","6.404383644461632","6.404383644461632","6.404383644461632","6.490384951233864","6.490384951233864","6.490384951233864","22.874194532632828","22.874194532632828","22.874194532632828","6.820684060454369","6.820684060454369","6.820684060454369","15.978307284414768","15.978307284414768","15.978307284414768","7.255199111998081","7.255199111998081","7.255199111998081"
"93","6.404874861240387","6.404874861240387","6.404874861240387","6.484102312475443","6.484102312475443","6.484102312475443","22.83767832815647","22.83767832815647","22.83767832815647","6.819700986146927","6.819700986146927","6.819700986146927","15.96807910501957","15.96807910501957","15.96807910501957","7.2488809004426","7.2488809004426","7.2488809004426"
"94","6.404662564396858","6.404662564396858","6.404662564396858","6.478377617895603","6.478377617895603","6.478377617895603","22.80132980644703","22.80132980644703","22.80132980644703","6.8187269270420074","6.8187269270420074","6.8187269270420074","15.957950942218304","15.957950942218304","15.957950942218304","7.241986766457558","7.241986766457558","7.241986766457558"
"95","6.404901534318924","6.404901534318924","6.404901534318924","6.471280422061682","6.471280422061682","6.471280422061682","22.764359176158905","22.764359176158905","22.764359176158905","6.81794947385788","6.81794947385788","6.81794947385788","15.94589687883854","15.94589687883854","15.94589687883854","7.235349766910076","7.235349766910076","7.235349766910076"
"96","6.4060869216918945","6.4060869216918945","6.4060869216918945","6.46424063295126","6.46424063295126","6.46424063295126","22.729209139943123","22.729209139943123","22.729209139943123","6.81695182621479","6.81695182621479","6.81695182621479","15.934173598885536","15.934173598885536","15.934173598885536","7.22823316603899","7.22823316603899","7.22823316603899"
"97","6.406271204352379","6.406271204352379","6.406271204352379","6.45578358322382","6.45578358322382","6.45578358322382","22.69071252644062","22.69071252644062","22.69071252644062","6.815969631075859","6.815969631075859","6.815969631075859","15.92348575592041","15.92348575592041","15.92348575592041","7.221537336707115","7.221537336707115","7.221537336707115"
"98","6.406341224908829","6.406341224908829","6.406341224908829","6.446120321750641","6.446120321750641","6.446120321750641","22.651980832219124","22.651980832219124","22.651980832219124","6.815007910132408","6.815007910132408","6.815007910132408","15.912337198853493","15.912337198853493","15.912337198853493","7.214695900678635","7.214695900678635","7.214695900678635"
"99","6.406739294528961","6.406739294528961","6.406739294528961","6.4381653890013695","6.4381653890013695","6.4381653890013695","22.614796444773674","22.614796444773674","22.614796444773674","6.814154356718063","6.814154356718063","6.814154356718063","15.902068100869656","15.902068100869656","15.902068100869656","7.207989700138569","7.207989700138569","7.207989700138569"
"100","6.406237170100212","6.406237170100212","6.406237170100212","6.4318165965378284","6.4318165965378284","6.4318165965378284","22.576532259583473","22.576532259583473","22.576532259583473","6.813112884759903","6.813112884759903","6.813112884759903","15.891811601817608","15.891811601817608","15.891811601817608","7.201024524867535","7.201024524867535","7.201024524867535"