"Step","stairs_pose_net_g - epoch/test_rotation_loss","stairs_pose_net_g - epoch/test_rotation_loss__MIN","stairs_pose_net_g - epoch/test_rotation_loss__MAX","pumpkin_pose_net_g - epoch/test_rotation_loss","pumpkin_pose_net_g - epoch/test_rotation_loss__MIN","pumpkin_pose_net_g - epoch/test_rotation_loss__MAX","office_pose_net_g - epoch/test_rotation_loss","office_pose_net_g - epoch/test_rotation_loss__MIN","office_pose_net_g - epoch/test_rotation_loss__MAX","heads_pose_net_g - epoch/test_rotation_loss","heads_pose_net_g - epoch/test_rotation_loss__MIN","heads_pose_net_g - epoch/test_rotation_loss__MAX","fire_pose_net_g - epoch/test_rotation_loss","fire_pose_net_g - epoch/test_rotation_loss__MIN","fire_pose_net_g - epoch/test_rotation_loss__MAX","chess_pose_net_g - epoch/test_rotation_loss","chess_pose_net_g - epoch/test_rotation_loss__MIN","chess_pose_net_g - epoch/test_rotation_loss__MAX"
"1","0.02059191296575591","0.02059191296575591","0.02059191296575591","0.025484735961072147","0.025484735961072147","0.025484735961072147","0.058053680491866544","0.058053680491866544","0.058053680491866544","0.016697486222255975","0.016697486222255975","0.016697486222255975","0.04396529131918214","0.04396529131918214","0.04396529131918214","0.019178037546225823","0.019178037546225823","0.019178037546225823"
"2","0.015398129151435569","0.015398129151435569","0.015398129151435569","0.025904216963681392","0.025904216963681392","0.025904216963681392","0.05824596312595531","0.05824596312595531","0.05824596312595531","0.016757034929469228","0.016757034929469228","0.016757034929469228","0.04235912565491162","0.04235912565491162","0.04235912565491162","0.019188185353414156","0.019188185353414156","0.019188185353414156"
"3","0.014113796423771419","0.014113796423771419","0.014113796423771419","0.02584487322019413","0.02584487322019413","0.02584487322019413","0.05840994865866378","0.05840994865866378","0.05840994865866378","0.016420170955825597","0.016420170955825597","0.016420170955825597","0.04144773169537075","0.04144773169537075","0.04144773169537075","0.01915259100496769","0.01915259100496769","0.01915259100496769"
"4","0.013830182797391899","0.013830182797391899","0.013830182797391899","0.02570030390052125","0.02570030390052125","0.02570030390052125","0.058446478768019006","0.058446478768019006","0.058446478768019006","0.015996027446817607","0.015996027446817607","0.015996027446817607","0.0409639076970052","0.0409639076970052","0.0409639076970052","0.019096325559075922","0.019096325559075922","0.019096325559075922"
"5","0.013862936903024092","0.013862936903024092","0.013862936903024092","0.025579555585864","0.025579555585864","0.025579555585864","0.05842909950297326","0.05842909950297326","0.05842909950297326","0.015605946187861264","0.015605946187861264","0.015605946187861264","0.04068565175111871","0.04068565175111871","0.04068565175111871","0.019049408670980483","0.019049408670980483","0.019049408670980483"
"6","0.013924248065450229","0.013924248065450229","0.013924248065450229","0.025445970037253574","0.025445970037253574","0.025445970037253574","0.058396438718773425","0.058396438718773425","0.058396438718773425","0.01532060417230241","0.01532060417230241","0.01532060417230241","0.0405304162268294","0.0405304162268294","0.0405304162268294","0.019006046713911928","0.019006046713911928","0.019006046713911928"
"7","0.01395257811236661","0.01395257811236661","0.01395257811236661","0.025334348771139048","0.025334348771139048","0.025334348771139048","0.058353837550384924","0.058353837550384924","0.058353837550384924","0.015130122541449964","0.015130122541449964","0.015130122541449964","0.04043370045837946","0.04043370045837946","0.04043370045837946","0.01896564725029748","0.01896564725029748","0.01896564725029748"
"8","0.013951919812825508","0.013951919812825508","0.013951919812825508","0.02521087200148031","0.02521087200148031","0.02521087200148031","0.058308005769504234","0.058308005769504234","0.058308005769504234","0.014999891311163083","0.014999891311163083","0.014999891311163083","0.04036080796504393","0.04036080796504393","0.04036080796504393","0.01892348907131236","0.01892348907131236","0.01892348907131236"
"9","0.013938098374637775","0.013938098374637775","0.013938098374637775","0.025094924378208816","0.025094924378208816","0.025094924378208816","0.05825916977482848","0.05825916977482848","0.05825916977482848","0.014910362660884857","0.014910362660884857","0.014910362660884857","0.04030017516925","0.04030017516925","0.04030017516925","0.018880827221437357","0.018880827221437357","0.018880827221437357"
"10","0.013928668064181693","0.013928668064181693","0.013928668064181693","0.02496748822159134","0.02496748822159134","0.02496748822159134","0.0582115902507212","0.0582115902507212","0.0582115902507212","0.01484531065216288","0.01484531065216288","0.01484531065216288","0.04023965762462467","0.04023965762462467","0.04023965762462467","0.01883960583654698","0.01883960583654698","0.01883960583654698"
"11","0.01392065262189135","0.01392065262189135","0.01392065262189135","0.024843411258189008","0.024843411258189008","0.024843411258189008","0.05816805441281758","0.05816805441281758","0.05816805441281758","0.01479430659674108","0.01479430659674108","0.01479430659674108","0.04017947589454707","0.04017947589454707","0.04017947589454707","0.018800293546519242","0.018800293546519242","0.018800293546519242"
"12","0.013908877284848131","0.013908877284848131","0.013908877284848131","0.024718404951272532","0.024718404951272532","0.024718404951272532","0.05812550900736824","0.05812550900736824","0.05812550900736824","0.014753982482943684","0.014753982482943684","0.014753982482943684","0.04011237472877838","0.04011237472877838","0.04011237472877838","0.018760505990940146","0.018760505990940146","0.018760505990940146"
"13","0.0138859565340681","0.0138859565340681","0.0138859565340681","0.024596337039838545","0.024596337039838545","0.024596337039838545","0.05808211033581756","0.05808211033581756","0.05808211033581756","0.014721354382345453","0.014721354382345453","0.014721354382345453","0.040038742328761145","0.040038742328761145","0.040038742328761145","0.01872038010333199","0.01872038010333199","0.01872038010333199"
"14","0.013864058593753725","0.013864058593753725","0.013864058593753725","0.024480564359691925","0.024480564359691925","0.024480564359691925","0.058035661990288645","0.058035661990288645","0.058035661990288645","0.0146940691920463","0.0146940691920463","0.0146940691920463","0.039973196282517165","0.039973196282517165","0.039973196282517165","0.018681321715121157","0.018681321715121157","0.018681321715121157"
"15","0.013842381376889534","0.013842381376889534","0.013842381376889534","0.024368487647734582","0.024368487647734582","0.024368487647734582","0.057987671869341284","0.057987671869341284","0.057987671869341284","0.014670642849523574","0.014670642849523574","0.014670642849523574","0.03991274876170792","0.03991274876170792","0.03991274876170792","0.018639813672052696","0.018639813672052696","0.018639813672052696"
"16","0.01382716468651779","0.01382716468651779","0.01382716468651779","0.024231887568021193","0.024231887568021193","0.024231887568021193","0.057938715792261064","0.057938715792261064","0.057938715792261064","0.014649559831013903","0.014649559831013903","0.014649559831013903","0.03984677736298181","0.03984677736298181","0.03984677736298181","0.018599495640955865","0.018599495640955865","0.018599495640955865"
"17","0.013810682707116939","0.013810682707116939","0.013810682707116939","0.02410417347709881","0.02410417347709881","0.02410417347709881","0.05788971405127086","0.05788971405127086","0.05788971405127086","0.014631497586378828","0.014631497586378828","0.014631497586378828","0.03978043234383222","0.03978043234383222","0.03978043234383222","0.018562406257842667","0.018562406257842667","0.018562406257842667"
"18","0.013795535938697867","0.013795535938697867","0.013795535938697867","0.02396862831665203","0.02396862831665203","0.02396862831665203","0.0578398423967883","0.0578398423967883","0.0578398423967883","0.014615459193009883","0.014615459193009883","0.014615459193009883","0.039706300100078806","0.039706300100078806","0.039706300100078806","0.0185243152664043","0.0185243152664043","0.0185243152664043"
"19","0.013777022904832847","0.013777022904832847","0.013777022904832847","0.02384084181539947","0.02384084181539947","0.02384084181539947","0.057790218910668045","0.057790218910668045","0.057790218910668045","0.014600588474422693","0.014600588474422693","0.014600588474422693","0.039643641823204234","0.039643641823204234","0.039643641823204234","0.018481033082935028","0.018481033082935028","0.018481033082935028"
"20","0.013759074121480808","0.013759074121480808","0.013759074121480808","0.02370891581813339","0.02370891581813339","0.02370891581813339","0.057738341100048274","0.057738341100048274","0.057738341100048274","0.014585840835934505","0.014585840835934505","0.014585840835934505","0.039568924432387576","0.039568924432387576","0.039568924432387576","0.018444569024723023","0.018444569024723023","0.018444569024723023"
"21","0.013745283169555478","0.013745283169555478","0.013745283169555478","0.023584537775604986","0.023584537775604986","0.023584537775604986","0.057686503627337515","0.057686503627337515","0.057686503627337515","0.01456964947283268","0.01456964947283268","0.01456964947283268","0.039495255434303544","0.039495255434303544","0.039495255434303544","0.01840337635076139","0.01840337635076139","0.01840337635076139"
"22","0.013732344537856989","0.013732344537856989","0.013732344537856989","0.023456441384041682","0.023456441384041682","0.023456441384041682","0.05763458242290653","0.05763458242290653","0.05763458242290653","0.014553030079696327","0.014553030079696327","0.014553030079696327","0.039418111846316606","0.039418111846316606","0.039418111846316606","0.018362764036282897","0.018362764036282897","0.018362764036282897"
"23","0.013723273921641521","0.013723273921641521","0.013723273921641521","0.023321718617808074","0.023321718617808074","0.023321718617808074","0.05757643360993825","0.05757643360993825","0.05757643360993825","0.014536159433191642","0.014536159433191642","0.014536159433191642","0.039345743833109736","0.039345743833109736","0.039345743833109736","0.01832387482863851","0.01832387482863851","0.01832387482863851"
"24","0.013702933007152751","0.013702933007152751","0.013702933007152751","0.023179464296845254","0.023179464296845254","0.023179464296845254","0.057521641574567184","0.057521641574567184","0.057521641574567184","0.014518153853714466","0.014518153853714466","0.014518153853714466","0.03927463748550508","0.03927463748550508","0.03927463748550508","0.01828235104039777","0.01828235104039777","0.01828235104039777"
"25","0.013685940124560148","0.013685940124560148","0.013685940124560148","0.023041243439365644","0.023041243439365644","0.023041243439365644","0.05746475874911994","0.05746475874911994","0.05746475874911994","0.01449934861739166","0.01449934861739166","0.01449934861739166","0.03919685991422739","0.03919685991422739","0.03919685991422739","0.018239737866679206","0.018239737866679206","0.018239737866679206"
"26","0.013669335312442854","0.013669335312442854","0.013669335312442854","0.022899168863659725","0.022899168863659725","0.022899168863659725","0.05740404679090716","0.05740404679090716","0.05740404679090716","0.014480648445896804","0.014480648445896804","0.014480648445896804","0.03911781088390853","0.03911781088390853","0.03911781088390853","0.018198088931967504","0.018198088931967504","0.018198088931967504"
"27","0.013653301532031037","0.013653301532031037","0.013653301532031037","0.022748697789211292","0.022748697789211292","0.022748697789211292","0.05734393710736185","0.05734393710736185","0.05734393710736185","0.014461874874541536","0.014461874874541536","0.014461874874541536","0.039037173133692704","0.039037173133692704","0.039037173133692704","0.018153936369344592","0.018153936369344592","0.018153936369344592"
"28","0.013637355135870166","0.013637355135870166","0.013637355135870166","0.022590659820707515","0.022590659820707515","0.022590659820707515","0.05728204039041884","0.05728204039041884","0.05728204039041884","0.014443337335251272","0.014443337335251272","0.014443337335251272","0.03896107820037287","0.03896107820037287","0.03896107820037287","0.018109074502717704","0.018109074502717704","0.018109074502717704"
"29","0.013623952530906536","0.013623952530906536","0.013623952530906536","0.022439544685767032","0.022439544685767032","0.022439544685767032","0.05722263944335282","0.05722263944335282","0.05722263944335282","0.014424170076381415","0.014424170076381415","0.014424170076381415","0.03888028423534706","0.03888028423534706","0.03888028423534706","0.018065310912788846","0.018065310912788846","0.018065310912788846"
"30","0.013610193360364065","0.013610193360364065","0.013610193360364065","0.02228722197469324","0.02228722197469324","0.02228722197469324","0.0571580501855351","0.0571580501855351","0.0571580501855351","0.014406106201931834","0.014406106201931834","0.014406106201931834","0.0387984361150302","0.0387984361150302","0.0387984361150302","0.018021893658442423","0.018021893658442423","0.018021893658442423"
"31","0.013591586306574754","0.013591586306574754","0.013591586306574754","0.02212496780703077","0.02212496780703077","0.02212496780703077","0.05709818727336824","0.05709818727336824","0.05709818727336824","0.01438912347657606","0.01438912347657606","0.01438912347657606","0.038720957352779806","0.038720957352779806","0.038720957352779806","0.017977564537432045","0.017977564537432045","0.017977564537432045"
"32","0.01356481395487208","0.01356481395487208","0.01356481395487208","0.02196007656311849","0.02196007656311849","0.02196007656311849","0.057034030061913654","0.057034030061913654","0.057034030061913654","0.01437171787256375","0.01437171787256375","0.01437171787256375","0.03863473064848222","0.03863473064848222","0.03863473064848222","0.017931727779796347","0.017931727779796347","0.017931727779796347"
"33","0.013542802742449567","0.013542802742449567","0.013542802742449567","0.021787619552924298","0.021787619552924298","0.021787619552924298","0.0569679097388871","0.0569679097388871","0.0569679097388871","0.014355552091728896","0.014355552091728896","0.014355552091728896","0.03854093636618927","0.03854093636618927","0.03854093636618927","0.01788902818225324","0.01788902818225324","0.01788902818225324"
"34","0.013522145702154376","0.013522145702154376","0.013522145702154376","0.02161185012664646","0.02161185012664646","0.02161185012664646","0.056894580280641094","0.056894580280641094","0.056894580280641094","0.014339779678266495","0.014339779678266495","0.014339779678266495","0.03845168664702214","0.03845168664702214","0.03845168664702214","0.017844067158875987","0.017844067158875987","0.017844067158875987"
"35","0.01350547188485507","0.01350547188485507","0.01350547188485507","0.02144284480891656","0.02144284480891656","0.02144284480891656","0.056820865953341126","0.056820865953341126","0.056820865953341126","0.01432261714944616","0.01432261714944616","0.01432261714944616","0.03836517597665079","0.03836517597665079","0.03836517597665079","0.017799908586312085","0.017799908586312085","0.017799908586312085"
"36","0.013483930175425485","0.013483930175425485","0.013483930175425485","0.02127543433016399","0.02127543433016399","0.02127543433016399","0.05674817302497104","0.05674817302497104","0.05674817302497104","0.014304732641903684","0.014304732641903684","0.014304732641903684","0.038277803410892375","0.038277803410892375","0.038277803410892375","0.017751900217263028","0.017751900217263028","0.017751900217263028"
"37","0.013463841387419961","0.013463841387419961","0.013463841387419961","0.021108934975927696","0.021108934975927696","0.021108934975927696","0.056672362523386255","0.056672362523386255","0.056672362523386255","0.01428627735003829","0.01428627735003829","0.01428627735003829","0.03818368862266652","0.03818368862266652","0.03818368862266652","0.017701178789138794","0.017701178789138794","0.017701178789138794"
"38","0.01344349117425736","0.01344349117425736","0.01344349117425736","0.020921910014294554","0.020921910014294554","0.020921910014294554","0.05658918630797416","0.05658918630797416","0.05658918630797416","0.01426815110608004","0.01426815110608004","0.01426815110608004","0.03809624386485666","0.03809624386485666","0.03809624386485666","0.01765090831031557","0.01765090831031557","0.01765090831031557"
"39","0.013419917464489117","0.013419917464489117","0.013419917464489117","0.020756144338520244","0.020756144338520244","0.020756144338520244","0.05650634638732299","0.05650634638732299","0.05650634638732299","0.014249466446926817","0.014249466446926817","0.014249466446926817","0.03798826248385012","0.03798826248385012","0.03798826248385012","0.017602412786800414","0.017602412786800414","0.017602412786800414"
"40","0.013404264260316268","0.013404264260316268","0.013404264260316268","0.02054912582389079","0.02054912582389079","0.02054912582389079","0.05642604123568162","0.05642604123568162","0.05642604123568162","0.014233714086003602","0.014233714086003602","0.014233714086003602","0.03788853382866364","0.03788853382866364","0.03788853382866364","0.017549712036270648","0.017549712036270648","0.017549712036270648"
"41","0.013385747210122645","0.013385747210122645","0.013385747210122645","0.02034133576671593","0.02034133576671593","0.02034133576671593","0.056342091265833005","0.056342091265833005","0.056342091265833005","0.014217476855264977","0.014217476855264977","0.014217476855264977","0.03779401307110675","0.03779401307110675","0.03779401307110675","0.017495694846729748","0.017495694846729748","0.017495694846729748"
"42","0.013362215628148988","0.013362215628148988","0.013362215628148988","0.020155532205535565","0.020155532205535565","0.020155532205535565","0.05624999263091013","0.05624999263091013","0.05624999263091013","0.014200849400367588","0.014200849400367588","0.014200849400367588","0.03769658818782773","0.03769658818782773","0.03769658818782773","0.017440356881706975","0.017440356881706975","0.017440356881706975"
"43","0.013334232586203143","0.013334232586203143","0.013334232586203143","0.019967802363680676","0.019967802363680676","0.019967802363680676","0.05615267273969948","0.05615267273969948","0.05615267273969948","0.014185273757902905","0.014185273757902905","0.014185273757902905","0.037586243081022985","0.037586243081022985","0.037586243081022985","0.017386086110491306","0.017386086110491306","0.017386086110491306"
"44","0.013310062568052672","0.013310062568052672","0.013310062568052672","0.019781647948548198","0.019781647948548198","0.019781647948548198","0.05605223006568849","0.05605223006568849","0.05605223006568849","0.014168381923809648","0.014168381923809648","0.014168381923809648","0.03747583689983003","0.03747583689983003","0.03747583689983003","0.017330718503217213","0.017330718503217213","0.017330718503217213"
"45","0.01329580914170947","0.01329580914170947","0.01329580914170947","0.019571579628973268","0.019571579628973268","0.019571579628973268","0.05595200730022043","0.05595200730022043","0.05595200730022043","0.014148395974189043","0.014148395974189043","0.014148395974189043","0.03735625358240213","0.03735625358240213","0.03735625358240213","0.01727234837017022","0.01727234837017022","0.01727234837017022"
"46","0.013273721284349449","0.013273721284349449","0.013273721284349449","0.01934948794223601","0.01934948794223601","0.01934948794223601","0.055841630150098354","0.055841630150098354","0.055841630150098354","0.01412909707869403","0.01412909707869403","0.01412909707869403","0.03724525752477348","0.03724525752477348","0.03724525752477348","0.01721741737856064","0.01721741737856064","0.01721741737856064"
"47","0.013246553106000647","0.013246553106000647","0.013246553106000647","0.019138627336360514","0.019138627336360514","0.019138627336360514","0.05572772625600919","0.05572772625600919","0.05572772625600919","0.014110092131886631","0.014110092131886631","0.014110092131886631","0.03713716828497127","0.03713716828497127","0.03713716828497127","0.01715870521729812","0.01715870521729812","0.01715870521729812"
"48","0.01321569734136574","0.01321569734136574","0.01321569734136574","0.018930577876744792","0.018930577876744792","0.018930577876744792","0.055612022697459906","0.055612022697459906","0.055612022697459906","0.014090942277107388","0.014090942277107388","0.014090942277107388","0.037014827656093985","0.037014827656093985","0.037014827656093985","0.017098889205954038","0.017098889205954038","0.017098889205954038"
"49","0.013189953126129694","0.013189953126129694","0.013189953126129694","0.01870624762523221","0.01870624762523221","0.01870624762523221","0.055489243008196354","0.055489243008196354","0.055489243008196354","0.014072131249122322","0.014072131249122322","0.014072131249122322","0.0368942282802891","0.0368942282802891","0.0368942282802891","0.017035998913343064","0.017035998913343064","0.017035998913343064"
"50","0.0131619324820349","0.0131619324820349","0.0131619324820349","0.018491284616175108","0.018491284616175108","0.018491284616175108","0.05535748158581555","0.05535748158581555","0.05535748158581555","0.014053918042918667","0.014053918042918667","0.014053918042918667","0.03676863605505787","0.03676863605505787","0.03676863605505787","0.01696958097454626","0.01696958097454626","0.01696958097454626"
"51","0.01313729902904015","0.01313729902904015","0.01313729902904015","0.01827259117271751","0.01827259117271751","0.01827259117271751","0.05522696935804561","0.05522696935804561","0.05522696935804561","0.01403725441196002","0.01403725441196002","0.01403725441196002","0.03664129029493779","0.03664129029493779","0.03664129029493779","0.01690413089818321","0.01690413089818321","0.01690413089818321"
"52","0.013114759887685068","0.013114759887685068","0.013114759887685068","0.018051205384836067","0.018051205384836067","0.018051205384836067","0.055093795439461246","0.055093795439461246","0.055093795439461246","0.01401860808255151","0.01401860808255151","0.01401860808255151","0.03651801560772583","0.03651801560772583","0.03651801560772583","0.01683795485587325","0.01683795485587325","0.01683795485587325"
"53","0.013098490351694636","0.013098490351694636","0.013098490351694636","0.017812811653129756","0.017812811653129756","0.017812811653129756","0.05495509345200844","0.05495509345200844","0.05495509345200844","0.014001076808199286","0.014001076808199286","0.014001076808199286","0.03637950381380506","0.03637950381380506","0.03637950381380506","0.01677090128941927","0.01677090128941927","0.01677090128941927"
"54","0.013067382460576482","0.013067382460576482","0.013067382460576482","0.01759106243844144","0.01759106243844144","0.01759106243844144","0.05479799985187128","0.05479799985187128","0.05479799985187128","0.013984481425723061","0.013984481425723061","0.013984481425723061","0.036247525466023944","0.036247525466023944","0.036247525466023944","0.01670092888525687","0.01670092888525687","0.01670092888525687"
"55","0.013042984748608433","0.013042984748608433","0.013042984748608433","0.017350017391436268","0.017350017391436268","0.017350017391436268","0.05463562294607982","0.05463562294607982","0.05463562294607982","0.013967360486276448","0.013967360486276448","0.013967360486276448","0.03611340021598153","0.03611340021598153","0.03611340021598153","0.016626511540380307","0.016626511540380307","0.016626511540380307"
"56","0.013020744969253428","0.013020744969253428","0.013020744969253428","0.017108549291151576","0.017108549291151576","0.017108549291151576","0.054464534972794354","0.054464534972794354","0.054464534972794354","0.013949034386314452","0.013949034386314452","0.013949034386314452","0.03596340984222479","0.03596340984222479","0.03596340984222479","0.016550842687138356","0.016550842687138356","0.016550842687138356"
"57","0.012991015028092079","0.012991015028092079","0.012991015028092079","0.01688654042663984","0.01688654042663984","0.01688654042663984","0.05429062701296061","0.05429062701296061","0.05429062701296061","0.013931142224464566","0.013931142224464566","0.013931142224464566","0.035823844707920216","0.035823844707920216","0.035823844707920216","0.016474640593514778","0.016474640593514778","0.016474640593514778"
"58","0.012957048427779227","0.012957048427779227","0.012957048427779227","0.016639753375784494","0.016639753375784494","0.016639753375784494","0.054108991695102304","0.054108991695102304","0.054108991695102304","0.013916018011514097","0.013916018011514097","0.013916018011514097","0.03566811661585234","0.03566811661585234","0.03566811661585234","0.01639537632581778","0.01639537632581778","0.01639537632581778"
"59","0.012923809888889082","0.012923809888889082","0.012923809888889082","0.016415238176705316","0.016415238176705316","0.016415238176705316","0.053909209760604426","0.053909209760604426","0.053909209760604426","0.013899690413381904","0.013899690413381904","0.013899690413381904","0.03551301192783285","0.03551301192783285","0.03551301192783285","0.01631985791027546","0.01631985791027546","0.01631985791027546"
"60","0.012887743127066642","0.012887743127066642","0.012887743127066642","0.01620520696451422","0.01620520696451422","0.01620520696451422","0.05369851828436367","0.05369851828436367","0.05369851828436367","0.013882787869079039","0.013882787869079039","0.013882787869079039","0.035358741602976806","0.035358741602976806","0.035358741602976806","0.016236845491221175","0.016236845491221175","0.016236845491221175"
"61","0.01286323240492493","0.01286323240492493","0.01286323240492493","0.015967314233421348","0.015967314233421348","0.015967314233421348","0.05347462714416906","0.05347462714416906","0.05347462714416906","0.01386418569018133","0.01386418569018133","0.01386418569018133","0.035212814167607576","0.035212814167607576","0.035212814167607576","0.01615353420493193","0.01615353420493193","0.01615353420493193"
"62","0.012844025826780125","0.012844025826780125","0.012844025826780125","0.015739352333184797","0.015739352333184797","0.015739352333184797","0.05325215225457214","0.05325215225457214","0.05325215225457214","0.013844405300915241","0.013844405300915241","0.013844405300915241","0.035042263683862984","0.035042263683862984","0.035042263683862984","0.016075436971732415","0.016075436971732415","0.016075436971732415"
"63","0.012810881686164066","0.012810881686164066","0.012810881686164066","0.015533713391050696","0.015533713391050696","0.015533713391050696","0.053014878154499456","0.053014878154499456","0.053014878154499456","0.01382382499286905","0.01382382499286905","0.01382382499286905","0.03487971966387704","0.03487971966387704","0.03487971966387704","0.01599160223850049","0.01599160223850049","0.01599160223850049"
"64","0.012771647903718986","0.012771647903718986","0.012771647903718986","0.015296994752134196","0.015296994752134196","0.015296994752134196","0.05276037217117846","0.05276037217117846","0.05276037217117846","0.01380309252999723","0.01380309252999723","0.01380309252999723","0.03469949326245114","0.03469949326245114","0.03469949326245114","0.015900490878266282","0.015900490878266282","0.015900490878266282"
"65","0.012742721024551429","0.012742721024551429","0.012742721024551429","0.015100887656444684","0.015100887656444684","0.015100887656444684","0.05248523916816339","0.05248523916816339","0.05248523916816339","0.013782052381429821","0.013782052381429821","0.013782052381429821","0.0345245199277997","0.0345245199277997","0.0345245199277997","0.015806708863237873","0.015806708863237873","0.015806708863237873"
"66","0.012714717740891501","0.012714717740891501","0.012714717740891501","0.014882977193337865","0.014882977193337865","0.014882977193337865","0.05219760473119095","0.05219760473119095","0.05219760473119095","0.013762634684098884","0.013762634684098884","0.013762634684098884","0.03435077000176534","0.03435077000176534","0.03435077000176534","0.015717217451310717","0.015717217451310717","0.015717217451310717"
"67","0.012679328094236553","0.012679328094236553","0.012679328094236553","0.014696807746076956","0.014696807746076956","0.014696807746076956","0.051882852480048314","0.051882852480048314","0.051882852480048314","0.013745120726525784","0.013745120726525784","0.013745120726525784","0.03417405085929204","0.03417405085929204","0.03417405085929204","0.015620330348610878","0.015620330348610878","0.015620330348610878"
"68","0.012654126505367458","0.012654126505367458","0.012654126505367458","0.01449495309498161","0.01449495309498161","0.01449495309498161","0.051565911213401705","0.051565911213401705","0.051565911213401705","0.013726894103456289","0.013726894103456289","0.013726894103456289","0.03400709730340168","0.03400709730340168","0.03400709730340168","0.015524369708145969","0.015524369708145969","0.015524369708145969"
"69","0.012611617188667879","0.012611617188667879","0.012611617188667879","0.014255844711442478","0.014255844711442478","0.014255844711442478","0.05123213303158991","0.05123213303158991","0.05123213303158991","0.013709016260690987","0.013709016260690987","0.013709016260690987","0.03381827725388575","0.03381827725388575","0.03381827725388575","0.015428962433361448","0.015428962433361448","0.015428962433361448"
"70","0.012578147041494958","0.012578147041494958","0.012578147041494958","0.014105624053627253","0.014105624053627253","0.014105624053627253","0.050858922622865066","0.050858922622865066","0.050858922622865066","0.01368978465325199","0.01368978465325199","0.01368978465325199","0.033646536961896345","0.033646536961896345","0.033646536961896345","0.015327179105952382","0.015327179105952382","0.015327179105952382"
"71","0.012541771240648814","0.012541771240648814","0.012541771240648814","0.01391533744026674","0.01391533744026674","0.01391533744026674","0.050477533688535914","0.050477533688535914","0.050477533688535914","0.013669673877302557","0.013669673877302557","0.013669673877302557","0.033451949391746894","0.033451949391746894","0.033451949391746894","0.015222957939840853","0.015222957939840853","0.015222957939840853"
"72","0.012509285603300668","0.012509285603300668","0.012509285603300668","0.013739881374931429","0.013739881374931429","0.013739881374931429","0.05007161051617004","0.05007161051617004","0.05007161051617004","0.013649914355482906","0.013649914355482906","0.013649914355482906","0.03328094874450471","0.03328094874450471","0.03328094874450471","0.015119860967388377","0.015119860967388377","0.015119860967388377"
"73","0.012472407761379145","0.012472407761379145","0.012472407761379145","0.01358155079651624","0.01358155079651624","0.01358155079651624","0.04963491205126047","0.04963491205126047","0.04963491205126047","0.013628642715048045","0.013628642715048045","0.013628642715048045","0.03312052434193902","0.03312052434193902","0.03312052434193902","0.015011922179837711","0.015011922179837711","0.015011922179837711"
"74","0.012435504904715344","0.012435504904715344","0.012435504904715344","0.013406587298959494","0.013406587298959494","0.013406587298959494","0.04918557949713431","0.04918557949713431","0.04918557949713431","0.01360790035687387","0.01360790035687387","0.01360790035687387","0.03293099289294332","0.03293099289294332","0.03293099289294332","0.014901428221492097","0.014901428221492097","0.014901428221492097"
"75","0.012387912982376292","0.012387912982376292","0.012387912982376292","0.013244720248621888","0.013244720248621888","0.013244720248621888","0.048685624526115134","0.048685624526115134","0.048685624526115134","0.013590505754109472","0.013590505754109472","0.013590505754109472","0.032731740589952096","0.032731740589952096","0.032731740589952096","0.0147915917186765","0.0147915917186765","0.0147915917186765"
"76","0.012345021008513868","0.012345021008513868","0.012345021008513868","0.013077854571747594","0.013077854571747594","0.013077854571747594","0.04820319090504199","0.04820319090504199","0.04820319090504199","0.013571800023782998","0.013571800023782998","0.013571800023782998","0.03253137042338494","0.03253137042338494","0.03253137042338494","0.014677106868475676","0.014677106868475676","0.014677106868475676"
"77","0.012306144868489355","0.012306144868489355","0.012306144868489355","0.012937602848978713","0.012937602848978713","0.012937602848978713","0.04769263381604105","0.04769263381604105","0.04769263381604105","0.013550574949476868","0.013550574949476868","0.013550574949476868","0.03231685794889927","0.03231685794889927","0.03231685794889927","0.014561667856469285","0.014561667856469285","0.014561667856469285"
"78","0.012271366984350607","0.012271366984350607","0.012271366984350607","0.01278479249594966","0.01278479249594966","0.01278479249594966","0.04712817104882561","0.04712817104882561","0.04712817104882561","0.013529543270124123","0.013529543270124123","0.013529543270124123","0.0321317020279821","0.0321317020279821","0.0321317020279821","0.014447012472373899","0.014447012472373899","0.014447012472373899"
"79","0.012247328704688698","0.012247328704688698","0.012247328704688698","0.012662115586863365","0.012662115586863365","0.012662115586863365","0.046522756878403015","0.046522756878403015","0.046522756878403015","0.013507404422853142","0.013507404422853142","0.013507404422853142","0.03194411835283972","0.03194411835283972","0.03194411835283972","0.014328556098917034","0.014328556098917034","0.014328556098917034"
"80","0.012212150555569679","0.012212150555569679","0.012212150555569679","0.012557047957670875","0.012557047957670875","0.012557047957670875","0.045918438845546916","0.045918438845546916","0.045918438845546916","0.013484535564202815","0.013484535564202815","0.013484535564202815","0.03175044812087435","0.03175044812087435","0.03175044812087435","0.014206109568476677","0.014206109568476677","0.014206109568476677"
"81","0.012225439684698358","0.012225439684698358","0.012225439684698358","0.01254899882042082","0.01254899882042082","0.01254899882042082","0.04586174158612266","0.04586174158612266","0.04586174158612266","0.013481383211910725","0.013481383211910725","0.013481383211910725","0.031735328142531216","0.031735328142531216","0.031735328142531216","0.014191994567227084","0.014191994567227084","0.014191994567227084"
"82","0.012237501534400508","0.012237501534400508","0.012237501534400508","0.01255415462946985","0.01255415462946985","0.01255415462946985","0.04580449544300791","0.04580449544300791","0.04580449544300791","0.013478619570378214","0.013478619570378214","0.013478619570378214","0.0317153119831346","0.0317153119831346","0.0317153119831346","0.01417636690166546","0.01417636690166546","0.01417636690166546"
"83","0.012247011822182685","0.012247011822182685","0.012247011822182685","0.012550320607260801","0.012550320607260801","0.012550320607260801","0.0457411136594601","0.0457411136594601","0.0457411136594601","0.013476429594447836","0.013476429594447836","0.013476429594447836","0.03169644075387623","0.03169644075387623","0.03169644075387623","0.014161311119096354","0.014161311119096354","0.014161311119096354"
"84","0.012257026945007965","0.012257026945007965","0.012257026945007965","0.012548327904369216","0.012548327904369216","0.012548327904369216","0.0456840381375514","0.0456840381375514","0.0456840381375514","0.013474200328346342","0.013474200328346342","0.013474200328346342","0.031676315382355824","0.031676315382355824","0.031676315382355824","0.014146947432891466","0.014146947432891466","0.014146947432891466"
"85","0.01226728266919963","0.01226728266919963","0.01226728266919963","0.012539350616862066","0.012539350616862066","0.012539350616862066","0.04561581261805259","0.04561581261805259","0.04561581261805259","0.013472378050209954","0.013472378050209954","0.013472378050209954","0.0316574990429217","0.0316574990429217","0.0316574990429217","0.014133634729660116","0.014133634729660116","0.014133634729660116"
"86","0.012275381421204656","0.012275381421204656","0.012275381421204656","0.012529352374258451","0.012529352374258451","0.012529352374258451","0.04555423033889383","0.04555423033889383","0.04555423033889383","0.013470485777361318","0.013470485777361318","0.013470485777361318","0.03163489294820465","0.03163489294820465","0.03163489294820465","0.014120454885414802","0.014120454885414802","0.014120454885414802"
"87","0.012282221112400293","0.012282221112400293","0.012282221112400293","0.012521927448688075","0.012521927448688075","0.012521927448688075","0.04549028442124836","0.04549028442124836","0.04549028442124836","0.013468530436512083","0.013468530436512083","0.013468530436512083","0.031613808037946","0.031613808037946","0.031613808037946","0.014107798895565793","0.014107798895565793","0.014107798895565793"
"88","0.012287901190575212","0.012287901190575212","0.012287901190575212","0.012507617837400176","0.012507617837400176","0.012507617837400176","0.04542164348822553","0.04542164348822553","0.04542164348822553","0.01346655102679506","0.01346655102679506","0.01346655102679506","0.031591557039064355","0.031591557039064355","0.031591557039064355","0.014094272344664205","0.014094272344664205","0.014094272344664205"
"89","0.012292746338061988","0.012292746338061988","0.012292746338061988","0.01249373141763499","0.01249373141763499","0.01249373141763499","0.045354188230703585","0.045354188230703585","0.045354188230703585","0.013464710675179958","0.013464710675179958","0.013464710675179958","0.031570153834763914","0.031570153834763914","0.031570153834763914","0.01408049909514375","0.01408049909514375","0.01408049909514375"
"90","0.012295608961721882","0.012295608961721882","0.012295608961721882","0.01248663364094682","0.01248663364094682","0.01248663364094682","0.04528472476522438","0.04528472476522438","0.04528472476522438","0.013462769449688494","0.013462769449688494","0.013462769449688494","0.03155078654526733","0.03155078654526733","0.03155078654526733","0.014067739277379587","0.014067739277379587","0.014067739277379587"
"91","0.01229791107471101","0.01229791107471101","0.01229791107471101","0.012477311640395783","0.012477311640395783","0.012477311640395783","0.04521753184963018","0.04521753184963018","0.04521753184963018","0.013460798829328269","0.013460798829328269","0.013460798829328269","0.031530708642094396","0.031530708642094396","0.031530708642094396","0.014055070758331567","0.014055070758331567","0.014055070758331567"
"92","0.012301333394134417","0.012301333394134417","0.012301333394134417","0.012466328946175054","0.012466328946175054","0.012466328946175054","0.045148427263484336","0.045148427263484336","0.045148427263484336","0.013458723056828603","0.013458723056828603","0.013458723056828603","0.031509209133218974","0.031509209133218974","0.031509209133218974","0.014041767892194912","0.014041767892194912","0.014041767892194912"
"93","0.012302393181016669","0.012302393181016669","0.012302393181016669","0.012453721363272052","0.012453721363272052","0.012453721363272052","0.04507527919486165","0.04507527919486165","0.04507527919486165","0.01345676145865582","0.01345676145865582","0.01345676145865582","0.03148867640993558","0.03148867640993558","0.03148867640993558","0.014029156867763959","0.014029156867763959","0.014029156867763959"
"94","0.012302040995564312","0.012302040995564312","0.012302040995564312","0.01244223694811808","0.01244223694811808","0.01244223694811808","0.04500246260431595","0.04500246260431595","0.04500246260431595","0.01345481612952426","0.01345481612952426","0.01345481612952426","0.03146834751532879","0.03146834751532879","0.03146834751532879","0.014015366818057373","0.014015366818057373","0.014015366818057373"
"95","0.012302583549171686","0.012302583549171686","0.012302583549171686","0.012428015157638583","0.012428015157638583","0.012428015157638583","0.04492844297783449","0.04492844297783449","0.04492844297783449","0.013453265564749017","0.013453265564749017","0.013453265564749017","0.03144415443239268","0.03144415443239268","0.03144415443239268","0.014002087118569762","0.014002087118569762","0.014002087118569762"
"96","0.012305045180255547","0.012305045180255547","0.012305045180255547","0.01241386490437435","0.01241386490437435","0.01241386490437435","0.044858091554488055","0.044858091554488055","0.044858091554488055","0.013451265112962574","0.013451265112962574","0.013451265112962574","0.0314206343900878","0.0314206343900878","0.0314206343900878","0.013987858917971607","0.013987858917971607","0.013987858917971607"
"97","0.012305470794672146","0.012305470794672146","0.012305470794672146","0.012396903373883106","0.012396903373883106","0.012396903373883106","0.04478098805702757","0.04478098805702757","0.04478098805702757","0.013449304737150669","0.013449304737150669","0.013449304737150669","0.031399186816997826","0.031399186816997826","0.031399186816997826","0.013974468936794437","0.013974468936794437","0.013974468936794437"
"98","0.012305687589105219","0.012305687589105219","0.012305687589105219","0.012377549333905336","0.012377549333905336","0.012377549333905336","0.04470340871193912","0.04470340871193912","0.04470340871193912","0.01344738045008853","0.01344738045008853","0.01344738045008853","0.031376807135529816","0.031376807135529816","0.031376807135529816","0.0139607839519158","0.0139607839519158","0.0139607839519158"
"99","0.012306557095143944","0.012306557095143944","0.012306557095143944","0.012361602530290838","0.012361602530290838","0.012361602530290838","0.04462896008044481","0.04462896008044481","0.04462896008044481","0.013445673597743735","0.013445673597743735","0.013445673597743735","0.031356203369796276","0.031356203369796276","0.031356203369796276","0.01394737881491892","0.01394737881491892","0.01394737881491892"
"100","0.012305609008762985","0.012305609008762985","0.012305609008762985","0.01234886517340783","0.01234886517340783","0.01234886517340783","0.044552313891472295","0.044552313891472295","0.044552313891472295","0.013443592411931604","0.013443592411931604","0.013443592411931604","0.03133561453432776","0.03133561453432776","0.03133561453432776","0.013933431917394046","0.013933431917394046","0.013933431917394046"