"Step","stairs_pose_net_mobv3s - epoch/test_rotation_loss","stairs_pose_net_mobv3s - epoch/test_rotation_loss__MIN","stairs_pose_net_mobv3s - epoch/test_rotation_loss__MAX","pumpkin_pose_net_mobv3s - epoch/test_rotation_loss","pumpkin_pose_net_mobv3s - epoch/test_rotation_loss__MIN","pumpkin_pose_net_mobv3s - epoch/test_rotation_loss__MAX","office_pose_net_mobv3s - epoch/test_rotation_loss","office_pose_net_mobv3s - epoch/test_rotation_loss__MIN","office_pose_net_mobv3s - epoch/test_rotation_loss__MAX","heads_pose_net_mobv3s - epoch/test_rotation_loss","heads_pose_net_mobv3s - epoch/test_rotation_loss__MIN","heads_pose_net_mobv3s - epoch/test_rotation_loss__MAX","fire_pose_net_mobv3s - epoch/test_rotation_loss","fire_pose_net_mobv3s - epoch/test_rotation_loss__MIN","fire_pose_net_mobv3s - epoch/test_rotation_loss__MAX","chess_pose_net_mobv3s - epoch/test_rotation_loss","chess_pose_net_mobv3s - epoch/test_rotation_loss__MIN","chess_pose_net_mobv3s - epoch/test_rotation_loss__MAX"
"1","0.016495026531629264","0.016495026531629264","0.016495026531629264","0.02351403873763047","0.02351403873763047","0.02351403873763047","0.05719641345785931","0.05719641345785931","0.05719641345785931","0.026383160497061908","0.026383160497061908","0.026383160497061908","0.046452504058834165","0.046452504058834165","0.046452504058834165","0.019806250813417137","0.019806250813417137","0.019806250813417137"
"2","0.01328480918891728","0.01328480918891728","0.01328480918891728","0.0248683486279333","0.0248683486279333","0.0248683486279333","0.056645856937393546","0.056645856937393546","0.056645856937393546","0.02464665041770786","0.02464665041770786","0.02464665041770786","0.044896062870975584","0.044896062870975584","0.044896062870975584","0.01941461328533478","0.01941461328533478","0.01941461328533478"
"3","0.014514134876662865","0.014514134876662865","0.014514134876662865","0.0248887656343868","0.0248887656343868","0.0248887656343868","0.05621381045784801","0.05621381045784801","0.05621381045784801","0.019989676889963448","0.019989676889963448","0.019989676889963448","0.04275942959066015","0.04275942959066015","0.04275942959066015","0.019358767953235656","0.019358767953235656","0.019358767953235656"
"4","0.015776477404870093","0.015776477404870093","0.015776477404870093","0.024320012395037338","0.024320012395037338","0.024320012395037338","0.05611606055754237","0.05611606055754237","0.05611606055754237","0.017080742050893605","0.017080742050893605","0.017080742050893605","0.041697630542330444","0.041697630542330444","0.041697630542330444","0.019312628981424496","0.019312628981424496","0.019312628981424496"
"5","0.016669285658281296","0.016669285658281296","0.016669285658281296","0.02396340132690966","0.02396340132690966","0.02396340132690966","0.05608931416645646","0.05608931416645646","0.05608931416645646","0.015721489093266428","0.015721489093266428","0.015721489093266428","0.04125418204057496","0.04125418204057496","0.04125418204057496","0.019262911839177832","0.019262911839177832","0.019262911839177832"
"6","0.01723676797701046","0.01723676797701046","0.01723676797701046","0.023870079952757806","0.023870079952757806","0.023870079952757806","0.05589063177467324","0.05589063177467324","0.05589063177467324","0.015097502036951482","0.015097502036951482","0.015097502036951482","0.04101655902923085","0.04101655902923085","0.04101655902923085","0.01919805617944803","0.01919805617944803","0.01919805617944803"
"7","0.017482088413089514","0.017482088413089514","0.017482088413089514","0.023918089893413708","0.023918089893413708","0.023918089893413708","0.05546817244612612","0.05546817244612612","0.05546817244612612","0.014819548232480884","0.014819548232480884","0.014819548232480884","0.04079308014479466","0.04079308014479466","0.04079308014479466","0.019108483611489646","0.019108483611489646","0.019108483611489646"
"8","0.017230184632353485","0.017230184632353485","0.017230184632353485","0.02394786693912465","0.02394786693912465","0.02394786693912465","0.05502611040719785","0.05502611040719785","0.05502611040719785","0.014734420052263886","0.014734420052263886","0.014734420052263886","0.04056938225403428","0.04056938225403428","0.04056938225403428","0.01899233995936811","0.01899233995936811","0.01899233995936811"
"9","0.01703890220960602","0.01703890220960602","0.01703890220960602","0.023862619273131713","0.023862619273131713","0.023862619273131713","0.054683110589394346","0.054683110589394346","0.054683110589394346","0.014750644681043923","0.014750644681043923","0.014750644681043923","0.040352369484025985","0.040352369484025985","0.040352369484025985","0.018901197792729363","0.018901197792729363","0.018901197792729363"
"10","0.016940051806159317","0.016940051806159317","0.016940051806159317","0.023713608796242625","0.023713608796242625","0.023713608796242625","0.0544131146161817","0.0544131146161817","0.0544131146161817","0.014828554936684668","0.014828554936684668","0.014828554936684668","0.040147274601622485","0.040147274601622485","0.040147274601622485","0.018848688108846545","0.018848688108846545","0.018848688108846545"
"11","0.016860956558957696","0.016860956558957696","0.016860956558957696","0.023398166114930063","0.023398166114930063","0.023398166114930063","0.054142004577443004","0.054142004577443004","0.054142004577443004","0.014950598124414682","0.014950598124414682","0.014950598124414682","0.03994694245920982","0.03994694245920982","0.03994694245920982","0.0188230956409825","0.0188230956409825","0.0188230956409825"
"12","0.01668903697282076","0.01668903697282076","0.01668903697282076","0.02303171652602032","0.02303171652602032","0.02303171652602032","0.05374734857468866","0.05374734857468866","0.05374734857468866","0.015194636886008084","0.015194636886008084","0.015194636886008084","0.03975110989995301","0.03975110989995301","0.03975110989995301","0.01880734460428357","0.01880734460428357","0.01880734460428357"
"13","0.01637405896326527","0.01637405896326527","0.01637405896326527","0.02270418591797352","0.02270418591797352","0.02270418591797352","0.05332356909639202","0.05332356909639202","0.05332356909639202","0.015614316565915942","0.015614316565915942","0.015614316565915942","0.039568026884808205","0.039568026884808205","0.039568026884808205","0.018792149508954026","0.018792149508954026","0.018792149508954026"
"14","0.01604302547639236","0.01604302547639236","0.01604302547639236","0.02238924527046038","0.02238924527046038","0.02238924527046038","0.05292997747892514","0.05292997747892514","0.05292997747892514","0.016280676994938403","0.016280676994938403","0.016280676994938403","0.039428735835826956","0.039428735835826956","0.039428735835826956","0.01877542253350839","0.01877542253350839","0.01877542253350839"
"15","0.01575709111057222","0.01575709111057222","0.01575709111057222","0.02215068432269618","0.02215068432269618","0.02215068432269618","0.052560920536052436","0.052560920536052436","0.052560920536052436","0.017168981197755784","0.017168981197755784","0.017168981197755784","0.03932520921807736","0.03932520921807736","0.03932520921807736","0.018756722085527144","0.018756722085527144","0.018756722085527144"
"16","0.015544241323368624","0.015544241323368624","0.015544241323368624","0.02197947171953274","0.02197947171953274","0.02197947171953274","0.05217324892873876","0.05217324892873876","0.05217324892873876","0.01807777612702921","0.01807777612702921","0.01807777612702921","0.039245461113750935","0.039245461113750935","0.039245461113750935","0.018735939185717143","0.018735939185717143","0.018735939185717143"
"17","0.015495245548663661","0.015495245548663661","0.015495245548663661","0.021846246207132936","0.021846246207132936","0.021846246207132936","0.05176529221353121","0.05176529221353121","0.05176529221353121","0.018832936824765056","0.018832936824765056","0.018832936824765056","0.03915557454456575","0.03915557454456575","0.03915557454456575","0.018711938566411845","0.018711938566411845","0.018711938566411845"
"18","0.015399202471598983","0.015399202471598983","0.015399202471598983","0.021727026905864477","0.021727026905864477","0.021727026905864477","0.05133653021766804","0.05133653021766804","0.05133653021766804","0.019384036248084158","0.019384036248084158","0.019384036248084158","0.03905900401878171","0.03905900401878171","0.03905900401878171","0.018685477640246972","0.018685477640246972","0.018685477640246972"
"19","0.01530253974488005","0.01530253974488005","0.01530253974488005","0.021609373019600753","0.021609373019600753","0.021609373019600753","0.0508512175292708","0.0508512175292708","0.0508512175292708","0.019784987322054803","0.019784987322054803","0.019784987322054803","0.0389653310412541","0.0389653310412541","0.0389653310412541","0.018656193162314594","0.018656193162314594","0.018656193162314594"
"20","0.015195604908512905","0.015195604908512905","0.015195604908512905","0.02148536867753137","0.02148536867753137","0.02148536867753137","0.05031568309641443","0.05031568309641443","0.05031568309641443","0.020071126986294985","0.020071126986294985","0.020071126986294985","0.038877411192515865","0.038877411192515865","0.038877411192515865","0.018623508396558464","0.018623508396558464","0.018623508396558464"
"21","0.01504331239266321","0.01504331239266321","0.01504331239266321","0.021345678134821355","0.021345678134821355","0.021345678134821355","0.04973464511567727","0.04973464511567727","0.04973464511567727","0.02018131356453523","0.02018131356453523","0.02018131356453523","0.03878656672895886","0.03878656672895886","0.03878656672895886","0.018588431426906027","0.018588431426906027","0.018588431426906027"
"22","0.014852485968731344","0.014852485968731344","0.014852485968731344","0.021185538527788594","0.021185538527788594","0.021185538527788594","0.049105583486380056","0.049105583486380056","0.049105583486380056","0.020213514275383204","0.020213514275383204","0.020213514275383204","0.03869863958971109","0.03869863958971109","0.03869863958971109","0.018552332898252644","0.018552332898252644","0.018552332898252644"
"23","0.014611481863539666","0.014611481863539666","0.014611481863539666","0.02100972190964967","0.02100972190964967","0.02100972190964967","0.048448047949932516","0.048448047949932516","0.048448047949932516","0.020197263453155756","0.020197263453155756","0.020197263453155756","0.038608138464041986","0.038608138464041986","0.038608138464041986","0.018516124036978","0.018516124036978","0.018516124036978"
"24","0.014393547375220805","0.014393547375220805","0.014393547375220805","0.020823387836571783","0.020823387836571783","0.020823387836571783","0.04774960718350485","0.04774960718350485","0.04774960718350485","0.020094704814255238","0.020094704814255238","0.020094704814255238","0.038512077095219865","0.038512077095219865","0.038512077095219865","0.018479079983080737","0.018479079983080737","0.018479079983080737"
"25","0.014216320007108152","0.014216320007108152","0.014216320007108152","0.020626053046726156","0.020626053046726156","0.020626053046726156","0.04693049615889322","0.04693049615889322","0.04693049615889322","0.01997041463619098","0.01997041463619098","0.01997041463619098","0.0384023392398376","0.0384023392398376","0.0384023392398376","0.018442295549903065","0.018442295549903065","0.018442295549903065"
"26","0.014082380279432982","0.014082380279432982","0.014082380279432982","0.020421201108547393","0.020421201108547393","0.020421201108547393","0.04604603853658773","0.04604603853658773","0.04604603853658773","0.019767150981351733","0.019767150981351733","0.019767150981351733","0.03828322619665414","0.03828322619665414","0.03828322619665414","0.018404489106615074","0.018404489106615074","0.018404489106615074"
"27","0.013972799555631354","0.013972799555631354","0.013972799555631354","0.020209910784615204","0.020209910784615204","0.020209910784615204","0.045144981413614005","0.045144981413614005","0.045144981413614005","0.01951061119325459","0.01951061119325459","0.01951061119325459","0.03815777788986452","0.03815777788986452","0.03815777788986452","0.01836641640693415","0.01836641640693415","0.01836641640693415"
"28","0.013891269656596705","0.013891269656596705","0.013891269656596705","0.019988920583273284","0.019988920583273284","0.019988920583273284","0.04406694701174274","0.04406694701174274","0.04406694701174274","0.01915795390959829","0.01915795390959829","0.01915795390959829","0.03802496298158076","0.03802496298158076","0.03802496298158076","0.018328211663174443","0.018328211663174443","0.018328211663174443"
"29","0.013811069075018167","0.013811069075018167","0.013811069075018167","0.019761982504860498","0.019761982504860498","0.019761982504860498","0.042879951011855155","0.042879951011855155","0.042879951011855155","0.018733402946963906","0.018733402946963906","0.018733402946963906","0.03788603568682447","0.03788603568682447","0.03788603568682447","0.018290290812728927","0.018290290812728927","0.018290290812728927"
"30","0.013728535908740014","0.013728535908740014","0.013728535908740014","0.019533216312993318","0.019533216312993318","0.019533216312993318","0.041642748125013895","0.041642748125013895","0.041642748125013895","0.01822841860121116","0.01822841860121116","0.01822841860121116","0.03774319982039742","0.03774319982039742","0.03774319982039742","0.018251985209644772","0.018251985209644772","0.018251985209644772"
"31","0.0136428797559347","0.0136428797559347","0.0136428797559347","0.01930054982949514","0.01930054982949514","0.01930054982949514","0.040348360809730366","0.040348360809730366","0.040348360809730366","0.01759221008978784","0.01759221008978784","0.01759221008978784","0.03760224451252725","0.03760224451252725","0.03760224451252725","0.018213238639873452","0.018213238639873452","0.018213238639873452"
"32","0.013560384104494005","0.013560384104494005","0.013560384104494005","0.019071882299613208","0.019071882299613208","0.019071882299613208","0.038944232219364494","0.038944232219364494","0.038944232219364494","0.016923464252613485","0.016923464252613485","0.016923464252613485","0.03746399097144604","0.03746399097144604","0.03746399097144604","0.01817411599040497","0.01817411599040497","0.01817411599040497"
"33","0.01348170023993589","0.01348170023993589","0.01348170023993589","0.018835394643247128","0.018835394643247128","0.018835394643247128","0.03757706959731877","0.03757706959731877","0.03757706959731877","0.016212020302191377","0.016212020302191377","0.016212020302191377","0.03732615211629309","0.03732615211629309","0.03732615211629309","0.018134708574507385","0.018134708574507385","0.018134708574507385"
"34","0.013407292775809765","0.013407292775809765","0.013407292775809765","0.01859885846351972","0.01859885846351972","0.01859885846351972","0.036282907574786805","0.036282907574786805","0.036282907574786805","0.015527940646279603","0.015527940646279603","0.015527940646279603","0.037186787580139935","0.037186787580139935","0.037186787580139935","0.01809460681397468","0.01809460681397468","0.01809460681397468"
"35","0.013339744764380157","0.013339744764380157","0.013339744764380157","0.018366310687270015","0.018366310687270015","0.018366310687270015","0.03507034924405161","0.03507034924405161","0.03507034924405161","0.014986303693149239","0.014986303693149239","0.014986303693149239","0.03704486752394587","0.03704486752394587","0.03704486752394587","0.01805438617884647","0.01805438617884647","0.01805438617884647"
"36","0.013271108153276145","0.013271108153276145","0.013271108153276145","0.018132261728169397","0.018132261728169397","0.018132261728169397","0.033944921829970554","0.033944921829970554","0.033944921829970554","0.0145649608457461","0.0145649608457461","0.0145649608457461","0.036901005791150965","0.036901005791150965","0.036901005791150965","0.01801312292809598","0.01801312292809598","0.01801312292809598"
"37","0.013195435691159219","0.013195435691159219","0.013195435691159219","0.017892076502903365","0.017892076502903365","0.017892076502903365","0.03289277199655771","0.03289277199655771","0.03289277199655771","0.014250600594095886","0.014250600594095886","0.014250600594095886","0.03675306943478063","0.03675306943478063","0.03675306943478063","0.017971504203160293","0.017971504203160293","0.017971504203160293"
"38","0.01312876184238121","0.01312876184238121","0.01312876184238121","0.017652958464168478","0.017652958464168478","0.017652958464168478","0.031767427804879844","0.031767427804879844","0.031767427804879844","0.014006157172843814","0.014006157172843814","0.014006157172843814","0.03660377442429308","0.03660377442429308","0.03660377442429308","0.017929220353835262","0.017929220353835262","0.017929220353835262"
"39","0.0130702858150471","0.0130702858150471","0.0130702858150471","0.01742322347854497","0.01742322347854497","0.01742322347854497","0.03199896979640471","0.03199896979640471","0.03199896979640471","0.013808973977575079","0.013808973977575079","0.013808973977575079","0.03644993525813334","0.03644993525813334","0.03644993525813334","0.017886825153254904","0.017886825153254904","0.017886825153254904"
"40","0.013018440338782966","0.013018440338782966","0.013018440338782966","0.017196293025335763","0.017196293025335763","0.017196293025335763","0.03376094031409593","0.03376094031409593","0.03376094031409593","0.0136426032113377","0.0136426032113377","0.0136426032113377","0.03628809700603597","0.03628809700603597","0.03628809700603597","0.017843855574028566","0.017843855574028566","0.017843855574028566"
"41","0.0129745886370074","0.0129745886370074","0.0129745886370074","0.01697207722463645","0.01697207722463645","0.01697207722463645","0.03499364826711826","0.03499364826711826","0.03499364826711826","0.01349775493144989","0.01349775493144989","0.01349775493144989","0.03612535653519444","0.03612535653519444","0.03612535653519444","0.017799965440644883","0.017799965440644883","0.017799965440644883"
"42","0.012929806543979794","0.012929806543979794","0.012929806543979794","0.01675297294423217","0.01675297294423217","0.01675297294423217","0.03627632053394336","0.03627632053394336","0.03627632053394336","0.013375593262026086","0.013375593262026086","0.013375593262026086","0.03595736723218579","0.03595736723218579","0.03595736723218579","0.01775593809725251","0.01775593809725251","0.01775593809725251"
"43","0.012882473442004994","0.012882473442004994","0.012882473442004994","0.016539523217943497","0.016539523217943497","0.016539523217943497","0.035828813997795805","0.035828813997795805","0.035828813997795805","0.013278048689244315","0.013278048689244315","0.013278048689244315","0.03578241435752716","0.03578241435752716","0.03578241435752716","0.017710499712848105","0.017710499712848105","0.017710499712848105"
"44","0.01282957592047751","0.01282957592047751","0.01282957592047751","0.016342944305506535","0.016342944305506535","0.016342944305506535","0.034486385542550124","0.034486385542550124","0.034486385542550124","0.013194588595069945","0.013194588595069945","0.013194588595069945","0.035606835677754134","0.035606835677754134","0.035606835677754134","0.017664013925241306","0.017664013925241306","0.017664013925241306"
"45","0.012769442022545263","0.012769442022545263","0.012769442022545263","0.016150509130966384","0.016150509130966384","0.016150509130966384","0.03313111148600001","0.03313111148600001","0.03313111148600001","0.013127918151440099","0.013127918151440099","0.013127918151440099","0.03542196083435556","0.03542196083435556","0.03542196083435556","0.01761756872292608","0.01761756872292608","0.01761756872292608"
"46","0.012704059190582484","0.012704059190582484","0.012704059190582484","0.0159508574361098","0.0159508574361098","0.0159508574361098","0.03195698882336728","0.03195698882336728","0.03195698882336728","0.013073283829726279","0.013073283829726279","0.013073283829726279","0.035231838148320094","0.035231838148320094","0.035231838148320094","0.01757015398470685","0.01757015398470685","0.01757015398470685"
"47","0.012632790429051965","0.012632790429051965","0.012632790429051965","0.015764765899803024","0.015764765899803024","0.015764765899803024","0.030687839520396665","0.030687839520396665","0.030687839520396665","0.013036629388807341","0.013036629388807341","0.013036629388807341","0.035035963272093795","0.035035963272093795","0.035035963272093795","0.017521783069241792","0.017521783069241792","0.017521783069241792"
"48","0.012556137924548239","0.012556137924548239","0.012556137924548239","0.01559275393083226","0.01559275393083226","0.01559275393083226","0.029921203262347262","0.029921203262347262","0.029921203262347262","0.013010115711949766","0.013010115711949766","0.013010115711949766","0.034833585035812575","0.034833585035812575","0.034833585035812575","0.017472167513915338","0.017472167513915338","0.017472167513915338"
"49","0.012476081785280257","0.012476081785280257","0.012476081785280257","0.015425598867295776","0.015425598867295776","0.015425598867295776","0.03044350912387017","0.03044350912387017","0.03044350912387017","0.012991561059607193","0.012991561059607193","0.012991561059607193","0.0346248382847989","0.0346248382847989","0.0346248382847989","0.017422146003809758","0.017422146003809758","0.017422146003809758"
"50","0.012388730247039348","0.012388730247039348","0.012388730247039348","0.015265610345522873","0.015265610345522873","0.015265610345522873","0.03290204635413829","0.03290204635413829","0.03290204635413829","0.012978471873793751","0.012978471873793751","0.012978471873793751","0.034414868569001555","0.034414868569001555","0.034414868569001555","0.01737016397237312","0.01737016397237312","0.01737016397237312"
"51","0.012297795532504097","0.012297795532504097","0.012297795532504097","0.015117958580958657","0.015117958580958657","0.015117958580958657","0.03684987997985445","0.03684987997985445","0.03684987997985445","0.012971223564818501","0.012971223564818501","0.012971223564818501","0.03419656910409685","0.03419656910409685","0.03419656910409685","0.01731602571089752","0.01731602571089752","0.01731602571089752"
"52","0.012202573649119586","0.012202573649119586","0.012202573649119586","0.014972839708207175","0.014972839708207175","0.014972839708207175","0.033068508899305016","0.033068508899305016","0.033068508899305016","0.012969155330210924","0.012969155330210924","0.012969155330210924","0.03397307634440949","0.03397307634440949","0.03397307634440949","0.01726337944273837","0.01726337944273837","0.01726337944273837"
"53","0.012100291904062033","0.012100291904062033","0.012100291904062033","0.014835077468887903","0.014835077468887903","0.014835077468887903","0.029492094152374193","0.029492094152374193","0.029492094152374193","0.012966199195943773","0.012966199195943773","0.012966199195943773","0.03374006599187851","0.03374006599187851","0.03374006599187851","0.01720918036880903","0.01720918036880903","0.01720918036880903"
"54","0.011995608627330512","0.011995608627330512","0.011995608627330512","0.014715368379256688","0.014715368379256688","0.014715368379256688","0.02821301882795524","0.02821301882795524","0.02821301882795524","0.012963497953023762","0.012963497953023762","0.012963497953023762","0.03350527394650271","0.03350527394650271","0.03350527394650271","0.017153154258267023","0.017153154258267023","0.017153154258267023"
"55","0.011882285441970453","0.011882285441970453","0.011882285441970453","0.014615771229728125","0.014615771229728125","0.014615771229728125","0.02866307332442375","0.02866307332442375","0.02866307332442375","0.01295838988153264","0.01295838988153264","0.01295838988153264","0.03326603325695032","0.03326603325695032","0.03326603325695032","0.01709651706914883","0.01709651706914883","0.01709651706914883"
"56","0.011761564732296392","0.011761564732296392","0.011761564732296392","0.014504955004667863","0.014504955004667863","0.014504955004667863","0.02803413492802065","0.02803413492802065","0.02803413492802065","0.012955501908436418","0.012955501908436418","0.012955501908436418","0.03302011065534316","0.03302011065534316","0.03302011065534316","0.017038395584677346","0.017038395584677346","0.017038395584677346"
"57","0.011639878939604387","0.011639878939604387","0.011639878939604387","0.014405766996787861","0.014405766996787861","0.014405766996787861","0.028855984419351444","0.028855984419351444","0.028855984419351444","0.0129475706780795","0.0129475706780795","0.0129475706780795","0.032766377727966756","0.032766377727966756","0.032766377727966756","0.016979187828837894","0.016979187828837894","0.016979187828837894"
"58","0.011508277180837467","0.011508277180837467","0.011508277180837467","0.014310711179859936","0.014310711179859936","0.014310711179859936","0.029976697493111715","0.029976697493111715","0.029976697493111715","0.012939891428686678","0.012939891428686678","0.012939891428686678","0.03250644219224341","0.03250644219224341","0.03250644219224341","0.016918866545893252","0.016918866545893252","0.016918866545893252"
"59","0.0113716880150605","0.0113716880150605","0.0113716880150605","0.014231987050152384","0.014231987050152384","0.014231987050152384","0.031112213546293788","0.031112213546293788","0.031112213546293788","0.012927805597428232","0.012927805597428232","0.012927805597428232","0.032234440826869104","0.032234440826869104","0.032234440826869104","0.016856828748132102","0.016856828748132102","0.016856828748132102"
"60","0.01122769303037785","0.01122769303037785","0.01122769303037785","0.014165401575155556","0.014165401575155556","0.014165401575155556","0.03179740843188483","0.03179740843188483","0.03179740843188483","0.012914409104268998","0.012914409104268998","0.012914409104268998","0.031963592213287484","0.031963592213287484","0.031963592213287484","0.016794976909295656","0.016794976909295656","0.016794976909295656"
"61","0.01107223698636517","0.01107223698636517","0.01107223698636517","0.014114515521214344","0.014114515521214344","0.014114515521214344","0.03214642344391905","0.03214642344391905","0.03214642344391905","0.012906713935080916","0.012906713935080916","0.012906713935080916","0.03169103687105235","0.03169103687105235","0.03169103687105235","0.01673205039696768","0.01673205039696768","0.01673205039696768"
"62","0.010918469808530062","0.010918469808530062","0.010918469808530062","0.01406169256370049","0.01406169256370049","0.01406169256370049","0.03224134042102378","0.03224134042102378","0.03224134042102378","0.012895436288090423","0.012895436288090423","0.012895436288090423","0.031406828653416596","0.031406828653416596","0.031406828653416596","0.016665229239151813","0.016665229239151813","0.016665229239151813"
"63","0.010752813424915075","0.010752813424915075","0.010752813424915075","0.014003903168486431","0.014003903168486431","0.014003903168486431","0.0321685261442326","0.0321685261442326","0.0321685261442326","0.012885300355264917","0.012885300355264917","0.012885300355264917","0.031116662416025065","0.031116662416025065","0.031116662416025065","0.01659699402807746","0.01659699402807746","0.01659699402807746"
"64","0.010581696755252779","0.010581696755252779","0.010581696755252779","0.013956365393823944","0.013956365393823944","0.013956365393823944","0.03229040345468093","0.03229040345468093","0.03229040345468093","0.012874808511696756","0.012874808511696756","0.012874808511696756","0.030826067391899414","0.030826067391899414","0.030826067391899414","0.016527744228369556","0.016527744228369556","0.016527744228369556"
"65","0.010407046269392595","0.010407046269392595","0.010407046269392595","0.013937813768279739","0.013937813768279739","0.013937813768279739","0.0326704507751856","0.0326704507751856","0.0326704507751856","0.012862711679190397","0.012862711679190397","0.012862711679190397","0.030530874442774802","0.030530874442774802","0.030530874442774802","0.01645642142102588","0.01645642142102588","0.01645642142102588"
"66","0.010220082942396402","0.010220082942396402","0.010220082942396402","0.013910217341617681","0.013910217341617681","0.013910217341617681","0.0333191933168564","0.0333191933168564","0.0333191933168564","0.012851455598138273","0.012851455598138273","0.012851455598138273","0.030229214928112924","0.030229214928112924","0.030229214928112924","0.01638437097426504","0.01638437097426504","0.01638437097426504"
"67","0.010025959432823583","0.010025959432823583","0.010025959432823583","0.013880762431654148","0.013880762431654148","0.013880762431654148","0.03400973684620112","0.03400973684620112","0.03400973684620112","0.012838216149248183","0.012838216149248183","0.012838216149248183","0.029917682477389462","0.029917682477389462","0.029917682477389462","0.016310271181282587","0.016310271181282587","0.016310271181282587"
"68","0.009836683748289943","0.009836683748289943","0.009836683748289943","0.013862620646250434","0.013862620646250434","0.013862620646250434","0.03466929486603476","0.03466929486603476","0.03466929486603476","0.012826921243686229","0.012826921243686229","0.012826921243686229","0.029600285866763443","0.029600285866763443","0.029600285866763443","0.016235047442023642","0.016235047442023642","0.016235047442023642"
"69","0.009645597077906132","0.009645597077906132","0.009645597077906132","0.013853908007149585","0.013853908007149585","0.013853908007149585","0.035297713038744405","0.035297713038744405","0.035297713038744405","0.012815722438972443","0.012815722438972443","0.012815722438972443","0.029267522084410302","0.029267522084410302","0.029267522084410302","0.016156171244801953","0.016156171244801953","0.016156171244801953"
"70","0.009453400271013379","0.009453400271013379","0.009453400271013379","0.013842431508237496","0.013842431508237496","0.013842431508237496","0.035741003055591136","0.035741003055591136","0.035741003055591136","0.01279835554305464","0.01279835554305464","0.01279835554305464","0.02894742923672311","0.02894742923672311","0.02894742923672311","0.016075135266873986","0.016075135266873986","0.016075135266873986"
"71","0.009272749884985387","0.009272749884985387","0.009272749884985387","0.013848517097358126","0.013848517097358126","0.013848517097358126","0.03627296196646057","0.03627296196646057","0.03627296196646057","0.012777833500877023","0.012777833500877023","0.012777833500877023","0.028620107303140685","0.028620107303140685","0.028620107303140685","0.015993638764484785","0.015993638764484785","0.015993638764484785"
"72","0.009092774882446975","0.009092774882446975","0.009092774882446975","0.013879371981602162","0.013879371981602162","0.013879371981602162","0.036570579424733296","0.036570579424733296","0.036570579424733296","0.012759768404066563","0.012759768404066563","0.012759768404066563","0.028284621541388333","0.028284621541388333","0.028284621541388333","0.01590892624517437","0.01590892624517437","0.01590892624517437"
"73","0.008926098002120852","0.008926098002120852","0.008926098002120852","0.013924368235166185","0.013924368235166185","0.013924368235166185","0.0369627582404064","0.0369627582404064","0.0369627582404064","0.012737715791445225","0.012737715791445225","0.012737715791445225","0.02794497474678792","0.02794497474678792","0.02794497474678792","0.015819962325622328","0.015819962325622328","0.015819962325622328"
"74","0.008768382627749816","0.008768382627749816","0.008768382627749816","0.013991715910378844","0.013991715910378844","0.013991715910378844","0.037009627048973925","0.037009627048973925","0.037009627048973925","0.012716598226688802","0.012716598226688802","0.012716598226688802","0.027607684867689386","0.027607684867689386","0.027607684867689386","0.015730817744042724","0.015730817744042724","0.015730817744042724"
"75","0.008620566077297553","0.008620566077297553","0.008620566077297553","0.01407149963779375","0.01407149963779375","0.01407149963779375","0.03716695497860201","0.03716695497860201","0.03716695497860201","0.012694880308117718","0.012694880308117718","0.012694880308117718","0.027255464054178447","0.027255464054178447","0.027255464054178447","0.01563929811527487","0.01563929811527487","0.01563929811527487"
"76","0.008478197210934013","0.008478197210934013","0.008478197210934013","0.014161788531055208","0.014161788531055208","0.014161788531055208","0.037022536678705364","0.037022536678705364","0.037022536678705364","0.012672045733779669","0.012672045733779669","0.012672045733779669","0.02689860382815823","0.02689860382815823","0.02689860382815823","0.01554393240076024","0.01554393240076024","0.01554393240076024"
"77","0.008374484808882698","0.008374484808882698","0.008374484808882698","0.014284028846304864","0.014284028846304864","0.014284028846304864","0.03681101233814843","0.03681101233814843","0.03681101233814843","0.01264845539117232","0.01264845539117232","0.01264845539117232","0.02654148417059332","0.02654148417059332","0.02654148417059332","0.015448688427568413","0.015448688427568413","0.015448688427568413"
"78","0.008273065031971782","0.008273065031971782","0.008273065031971782","0.014417331774893682","0.014417331774893682","0.014417331774893682","0.0362624521512771","0.0362624521512771","0.0362624521512771","0.012625083792954683","0.012625083792954683","0.012625083792954683","0.026187027178821154","0.026187027178821154","0.026187027178821154","0.015348310291301459","0.015348310291301459","0.015348310291301459"
"79","0.008196499984478578","0.008196499984478578","0.008196499984478578","0.014584226635633968","0.014584226635633968","0.014584226635633968","0.03548722807317972","0.03548722807317972","0.03548722807317972","0.012602569651789963","0.012602569651789963","0.012602569651789963","0.025808841790421866","0.025808841790421866","0.025808841790421866","0.015245621485519223","0.015245621485519223","0.015245621485519223"
"80","0.008140455494867638","0.008140455494867638","0.008140455494867638","0.014778214834223036","0.014778214834223036","0.014778214834223036","0.034131003252696246","0.034131003252696246","0.034131003252696246","0.01257632568012923","0.01257632568012923","0.01257632568012923","0.025429738307138905","0.025429738307138905","0.025429738307138905","0.015142685544560663","0.015142685544560663","0.015142685544560663"
"81","0.008140446152538061","0.008140446152538061","0.008140446152538061","0.015488434561120812","0.015488434561120812","0.015488434561120812","0.028386200923705474","0.028386200923705474","0.028386200923705474","0.012574741442222148","0.012574741442222148","0.012574741442222148","0.025373150128871202","0.025373150128871202","0.025373150128871202","0.015114384208573028","0.015114384208573028","0.015114384208573028"
"82","0.00818193331360817","0.00818193331360817","0.00818193331360817","0.015620744496118277","0.015620744496118277","0.015620744496118277","0.029952579337987117","0.029952579337987117","0.029952579337987117","0.01257316127885133","0.01257316127885133","0.01257316127885133","0.025338538151117973","0.025338538151117973","0.025338538151117973","0.015087191786733456","0.015087191786733456","0.015087191786733456"
"83","0.008221068419516087","0.008221068419516087","0.008221068419516087","0.015553792836726643","0.015553792836726643","0.015553792836726643","0.029851898856577463","0.029851898856577463","0.029851898856577463","0.012571155035402626","0.012571155035402626","0.012571155035402626","0.025305780640337616","0.025305780640337616","0.025305780640337616","0.015064992447150871","0.015064992447150871","0.015064992447150871"
"84","0.008241719100624323","0.008241719100624323","0.008241719100624323","0.015537688756012358","0.015537688756012358","0.015537688756012358","0.029770595720037818","0.029770595720037818","0.029770595720037818","0.012568928068503737","0.012568928068503737","0.012568928068503737","0.025270716374507174","0.025270716374507174","0.025270716374507174","0.015047225868329406","0.015047225868329406","0.015047225868329406"
"85","0.008248165424447507","0.008248165424447507","0.008248165424447507","0.015542566572548822","0.015542566572548822","0.015542566572548822","0.02967889631690923","0.02967889631690923","0.02967889631690923","0.0125666483072564","0.0125666483072564","0.0125666483072564","0.02523569986806251","0.02523569986806251","0.02523569986806251","0.015031425209599547","0.015031425209599547","0.015031425209599547"
"86","0.008247686200775206","0.008247686200775206","0.008247686200775206","0.015551558011793531","0.015551558011793531","0.015551558011793531","0.0295907652907772","0.0295907652907772","0.0295907652907772","0.012563718424644321","0.012563718424644321","0.012563718424644321","0.02519898908212781","0.02519898908212781","0.02519898908212781","0.015016757912235335","0.015016757912235335","0.015016757912235335"
"87","0.00824609462870285","0.00824609462870285","0.00824609462870285","0.015559891136945225","0.015559891136945225","0.015559891136945225","0.02950985539064277","0.02950985539064277","0.02950985539064277","0.01256086048670113","0.01256086048670113","0.01256086048670113","0.02515663197846152","0.02515663197846152","0.02515663197846152","0.015002861386165023","0.015002861386165023","0.015002861386165023"
"88","0.00823954859515652","0.00823954859515652","0.00823954859515652","0.015569413924822584","0.015569413924822584","0.015569413924822584","0.029421314102364704","0.029421314102364704","0.029421314102364704","0.01255672110710293","0.01255672110710293","0.01255672110710293","0.025113158917520195","0.025113158917520195","0.025113158917520195","0.014990842464612797","0.014990842464612797","0.014990842464612797"
"89","0.008234421606175601","0.008234421606175601","0.008234421606175601","0.01557954546296969","0.01557954546296969","0.01557954546296969","0.029322063288418576","0.029322063288418576","0.029322063288418576","0.012552888947539032","0.012552888947539032","0.012552888947539032","0.02506871905643493","0.02506871905643493","0.02506871905643493","0.014977528495364822","0.014977528495364822","0.014977528495364822"
"90","0.008228900900576264","0.008228900900576264","0.008228900900576264","0.015594240234349854","0.015594240234349854","0.015594240234349854","0.029225603459053673","0.029225603459053673","0.029225603459053673","0.01254866470117122","0.01254866470117122","0.01254866470117122","0.02502369647845626","0.02502369647845626","0.02502369647845626","0.014964224843424745","0.014964224843424745","0.014964224843424745"
"91","0.00822207095916383","0.00822207095916383","0.00822207095916383","0.015609764159307815","0.015609764159307815","0.015609764159307815","0.02914244544808753","0.02914244544808753","0.02914244544808753","0.012543693534098566","0.012543693534098566","0.012543693534098566","0.024978397937957197","0.024978397937957197","0.024978397937957197","0.014951139470213093","0.014951139470213093","0.014951139470213093"
"92","0.00821495515992865","0.00821495515992865","0.00821495515992865","0.01562500539876055","0.01562500539876055","0.01562500539876055","0.02907971384411212","0.02907971384411212","0.02907971384411212","0.012538689537905157","0.012538689537905157","0.012538689537905157","0.024934060988016427","0.024934060988016427","0.024934060988016427","0.014937117462977767","0.014937117462977767","0.014937117462977767"
"93","0.008208295708755031","0.008208295708755031","0.008208295708755031","0.015639789999113418","0.015639789999113418","0.015639789999113418","0.029014248721068725","0.029014248721068725","0.029014248721068725","0.01253403490409255","0.01253403490409255","0.01253403490409255","0.024889341671951115","0.024889341671951115","0.024889341671951115","0.014923176320735365","0.014923176320735365","0.014923176320735365"
"94","0.008204283862141892","0.008204283862141892","0.008204283862141892","0.01565587091317866","0.01565587091317866","0.01565587091317866","0.028963341319467872","0.028963341319467872","0.028963341319467872","0.012529746047221124","0.012529746047221124","0.012529746047221124","0.02484493718657177","0.02484493718657177","0.02484493718657177","0.014909654564689845","0.014909654564689845","0.014909654564689845"
"95","0.008199082512874156","0.008199082512874156","0.008199082512874156","0.01566674503555987","0.01566674503555987","0.01566674503555987","0.028926227503689006","0.028926227503689006","0.028926227503689006","0.012525155791081488","0.012525155791081488","0.012525155791081488","0.024802729778457433","0.024802729778457433","0.024802729778457433","0.014896248030709103","0.014896248030709103","0.014896248030709103"
"96","0.00819413288263604","0.00819413288263604","0.00819413288263604","0.015679017378715798","0.015679017378715798","0.015679017378715798","0.028894689792650752","0.028894689792650752","0.028894689792650752","0.012520735384896398","0.012520735384896398","0.012520735384896398","0.02475898404372856","0.02475898404372856","0.02475898404372856","0.014882479095831513","0.014882479095831513","0.014882479095831513"
"97","0.008187483384972438","0.008187483384972438","0.008187483384972438","0.015690406580688432","0.015690406580688432","0.015690406580688432","0.028852196235675365","0.028852196235675365","0.028852196235675365","0.012516103044617921","0.012516103044617921","0.012516103044617921","0.02471526959561743","0.02471526959561743","0.02471526959561743","0.014868538419250399","0.014868538419250399","0.014868538419250399"
"98","0.008178810647223145","0.008178810647223145","0.008178810647223145","0.01570233327220194","0.01570233327220194","0.01570233327220194","0.028816935649956577","0.028816935649956577","0.028816935649956577","0.012511855224147439","0.012511855224147439","0.012511855224147439","0.02467233118659351","0.02467233118659351","0.02467233118659351","0.014854497625492513","0.014854497625492513","0.014854497625492513"
"99","0.008172497677151114","0.008172497677151114","0.008172497677151114","0.015716217167209834","0.015716217167209834","0.015716217167209834","0.028785030139260925","0.028785030139260925","0.028785030139260925","0.01250712585169822","0.01250712585169822","0.01250712585169822","0.024629296705825254","0.024629296705825254","0.024629296705825254","0.01484036145848222","0.01484036145848222","0.01484036145848222"
"100","0.00816718937130645","0.00816718937130645","0.00816718937130645","0.01573153104982339","0.01573153104982339","0.01573153104982339","0.02876151520467829","0.02876151520467829","0.02876151520467829","0.012502484605647624","0.012502484605647624","0.012502484605647624","0.024585549894254655","0.024585549894254655","0.024585549894254655","0.014826140613877214","0.014826140613877214","0.014826140613877214"