"Step","stairs_pose_net_effb0 - epoch/test_rotation_loss","stairs_pose_net_effb0 - epoch/test_rotation_loss__MIN","stairs_pose_net_effb0 - epoch/test_rotation_loss__MAX","pumpkin_pose_net_effb0 - epoch/test_rotation_loss","pumpkin_pose_net_effb0 - epoch/test_rotation_loss__MIN","pumpkin_pose_net_effb0 - epoch/test_rotation_loss__MAX","office_pose_net_effb0 - epoch/test_rotation_loss","office_pose_net_effb0 - epoch/test_rotation_loss__MIN","office_pose_net_effb0 - epoch/test_rotation_loss__MAX","heads_pose_net_effb0 - epoch/test_rotation_loss","heads_pose_net_effb0 - epoch/test_rotation_loss__MIN","heads_pose_net_effb0 - epoch/test_rotation_loss__MAX","fire_pose_net_effb0 - epoch/test_rotation_loss","fire_pose_net_effb0 - epoch/test_rotation_loss__MIN","fire_pose_net_effb0 - epoch/test_rotation_loss__MAX","chess_pose_net_effb0 - epoch/test_rotation_loss","chess_pose_net_effb0 - epoch/test_rotation_loss__MIN","chess_pose_net_effb0 - epoch/test_rotation_loss__MAX"
"1","0.017515316314529628","0.017515316314529628","0.017515316314529628","0.03425479412544519","0.03425479412544519","0.03425479412544519","0.05740930055617355","0.05740930055617355","0.05740930055617355","0.014905566407833248","0.014905566407833248","0.014905566407833248","0.054184703214559704","0.054184703214559704","0.054184703214559704","0.019110434033791535","0.019110434033791535","0.019110434033791535"
"2","0.013067980529740453","0.013067980529740453","0.013067980529740453","0.02502534662198741","0.02502534662198741","0.02502534662198741","0.05572412381297909","0.05572412381297909","0.05572412381297909","0.01411609083879739","0.01411609083879739","0.01411609083879739","0.0407531522505451","0.0407531522505451","0.0407531522505451","0.019442891905782744","0.019442891905782744","0.019442891905782744"
"3","0.013948928855825216","0.013948928855825216","0.013948928855825216","0.024643623662996106","0.024643623662996106","0.024643623662996106","0.05481120280455798","0.05481120280455798","0.05481120280455798","0.01428539480548352","0.01428539480548352","0.01428539480548352","0.038622235297225416","0.038622235297225416","0.038622235297225416","0.019237738437368535","0.019237738437368535","0.019237738437368535"
"4","0.014314596337499097","0.014314596337499097","0.014314596337499097","0.024278079057694413","0.024278079057694413","0.024278079057694413","0.05395084212068468","0.05395084212068468","0.05395084212068468","0.014503503043670207","0.014503503043670207","0.014503503043670207","0.03887583437608555","0.03887583437608555","0.03887583437608555","0.019047481313464232","0.019047481313464232","0.019047481313464232"
"5","0.014215327973943204","0.014215327973943204","0.014215327973943204","0.02391028151032515","0.02391028151032515","0.02391028151032515","0.05305537975800689","0.05305537975800689","0.05305537975800689","0.014222638797946274","0.014222638797946274","0.014222638797946274","0.03902574855601415","0.03902574855601415","0.03902574855601415","0.018871638312703","0.018871638312703","0.018871638312703"
"6","0.013993220956763253","0.013993220956763253","0.013993220956763253","0.023477405702578835","0.023477405702578835","0.023477405702578835","0.05221631706808694","0.05221631706808694","0.05221631706808694","0.01419722373248078","0.01419722373248078","0.01419722373248078","0.038642931991489604","0.038642931991489604","0.038642931991489604","0.018712430872255936","0.018712430872255936","0.018712430872255936"
"7","0.013880589714972302","0.013880589714972302","0.013880589714972302","0.023043405017233454","0.023043405017233454","0.023043405017233454","0.051204775139922276","0.051204775139922276","0.051204775139922276","0.014189195266226307","0.014189195266226307","0.014189195266226307","0.03817462382721715","0.03817462382721715","0.03817462382721715","0.018543334066634998","0.018543334066634998","0.018543334066634998"
"8","0.013674608839210123","0.013674608839210123","0.013674608839210123","0.02261930644453969","0.02261930644453969","0.02261930644453969","0.0501915066561196","0.0501915066561196","0.0501915066561196","0.01413599809166044","0.01413599809166044","0.01413599809166044","0.03783324098912999","0.03783324098912999","0.03783324098912999","0.01839381514582783","0.01839381514582783","0.01839381514582783"
"9","0.013452672341372818","0.013452672341372818","0.013452672341372818","0.02226286134100519","0.02226286134100519","0.02226286134100519","0.04914977050793823","0.04914977050793823","0.04914977050793823","0.014084750844631344","0.014084750844631344","0.014084750844631344","0.037505895481444895","0.037505895481444895","0.037505895481444895","0.018239351731608622","0.018239351731608622","0.018239351731608622"
"10","0.013306658394867554","0.013306658394867554","0.013306658394867554","0.021859937551198527","0.021859937551198527","0.021859937551198527","0.04793317895382643","0.04793317895382643","0.04793317895382643","0.013987040991196409","0.013987040991196409","0.013987040991196409","0.03712818608619273","0.03712818608619273","0.03712818608619273","0.01807733486930374","0.01807733486930374","0.01807733486930374"
"11","0.013144165539415553","0.013144165539415553","0.013144165539415553","0.021499003953067586","0.021499003953067586","0.021499003953067586","0.046640874876175076","0.046640874876175076","0.046640874876175076","0.013902645878260955","0.013902645878260955","0.013902645878260955","0.036809088313020766","0.036809088313020766","0.036809088313020766","0.01793221458501648","0.01793221458501648","0.01793221458501648"
"12","0.013013856019824743","0.013013856019824743","0.013013856019824743","0.02115632194909267","0.02115632194909267","0.02115632194909267","0.04521457935334183","0.04521457935334183","0.04521457935334183","0.013838420796673745","0.013838420796673745","0.013838420796673745","0.036428393330425024","0.036428393330425024","0.036428393330425024","0.017763108146027662","0.017763108146027662","0.017763108146027662"
"13","0.012856352928793058","0.012856352928793058","0.012856352928793058","0.020728865609271452","0.020728865609271452","0.020728865609271452","0.043628708299365826","0.043628708299365826","0.043628708299365826","0.013779339496977627","0.013779339496977627","0.013779339496977627","0.03605278109898791","0.03605278109898791","0.03605278109898791","0.017602225329028443","0.017602225329028443","0.017602225329028443"
"14","0.012709549628198147","0.012709549628198147","0.012709549628198147","0.02034217573236674","0.02034217573236674","0.02034217573236674","0.0418010194262024","0.0418010194262024","0.0418010194262024","0.013685687881661579","0.013685687881661579","0.013685687881661579","0.03563754545757547","0.03563754545757547","0.03563754545757547","0.017438714814488776","0.017438714814488776","0.017438714814488776"
"15","0.01250389136839658","0.01250389136839658","0.01250389136839658","0.020000352829811163","0.020000352829811163","0.020000352829811163","0.04001019257702865","0.04001019257702865","0.04001019257702865","0.013610480586066842","0.013610480586066842","0.013610480586066842","0.03526913680252619","0.03526913680252619","0.03526913680252619","0.017284984191064723","0.017284984191064723","0.017284984191064723"
"16","0.012394347082590684","0.012394347082590684","0.012394347082590684","0.019611868541687727","0.019611868541687727","0.019611868541687727","0.038138148112921044","0.038138148112921044","0.038138148112921044","0.013536067039240152","0.013536067039240152","0.013536067039240152","0.034846936468966305","0.034846936468966305","0.034846936468966305","0.017138847120804712","0.017138847120804712","0.017138847120804712"
"17","0.012276643596123904","0.012276643596123904","0.012276643596123904","0.01929169538198039","0.01929169538198039","0.01929169538198039","0.03596980485599488","0.03596980485599488","0.03596980485599488","0.013467583718011156","0.013467583718011156","0.013467583718011156","0.034380956494715065","0.034380956494715065","0.034380956494715065","0.016994331192108802","0.016994331192108802","0.016994331192108802"
"18","0.01206669703242369","0.01206669703242369","0.01206669703242369","0.018908700556494296","0.018908700556494296","0.018908700556494296","0.03393467176647391","0.03393467176647391","0.03393467176647391","0.013401295815128833","0.013401295815128833","0.013401295815128833","0.03391877455578651","0.03391877455578651","0.03391877455578651","0.01684179673611652","0.01684179673611652","0.01684179673611652"
"19","0.011904509738087654","0.011904509738087654","0.011904509738087654","0.01859677507309243","0.01859677507309243","0.01859677507309243","0.03201130205707159","0.03201130205707159","0.03201130205707159","0.013327163411304355","0.013327163411304355","0.013327163411304355","0.03352535799785983","0.03352535799785983","0.03352535799785983","0.01665777066955343","0.01665777066955343","0.01665777066955343"
"20","0.01174123992677778","0.01174123992677778","0.01174123992677778","0.018150183226680383","0.018150183226680383","0.018150183226680383","0.030282035673735663","0.030282035673735663","0.030282035673735663","0.013282739644637331","0.013282739644637331","0.013282739644637331","0.03311169650987722","0.03311169650987722","0.03311169650987722","0.016495699805091135","0.016495699805091135","0.016495699805091135"
"21","0.011614748800639063","0.011614748800639063","0.011614748800639063","0.017758137968485244","0.017758137968485244","0.017758137968485244","0.02901503881730605","0.02901503881730605","0.02901503881730605","0.013226977578597143","0.013226977578597143","0.013226977578597143","0.03259218561288435","0.03259218561288435","0.03259218561288435","0.016303066222462803","0.016303066222462803","0.016303066222462803"
"22","0.01146527417586185","0.01146527417586185","0.01146527417586185","0.017389426880981773","0.017389426880981773","0.017389426880981773","0.02812798533705063","0.02812798533705063","0.02812798533705063","0.013150768354535103","0.013150768354535103","0.013150768354535103","0.03215316793648526","0.03215316793648526","0.03215316793648526","0.016141670930664986","0.016141670930664986","0.016141670930664986"
"23","0.011270037706708536","0.011270037706708536","0.011270037706708536","0.01707788449130021","0.01707788449130021","0.01707788449130021","0.02785089435928967","0.02785089435928967","0.02785089435928967","0.013083787547657266","0.013083787547657266","0.013083787547657266","0.031587998411851004","0.031587998411851004","0.031587998411851004","0.015955201437463984","0.015955201437463984","0.015955201437463984"
"24","0.011134788044728339","0.011134788044728339","0.011134788044728339","0.016705728572560474","0.016705728572560474","0.016705728572560474","0.027972154115559533","0.027972154115559533","0.027972154115559533","0.013014347641728818","0.013014347641728818","0.013014347641728818","0.03111750865355134","0.03111750865355134","0.03111750865355134","0.015774144878378138","0.015774144878378138","0.015774144878378138"
"25","0.01098550227470696","0.01098550227470696","0.01098550227470696","0.016380273722461425","0.016380273722461425","0.016380273722461425","0.028436036212951876","0.028436036212951876","0.028436036212951876","0.012949895113706589","0.012949895113706589","0.012949895113706589","0.030550566443707794","0.030550566443707794","0.030550566443707794","0.015560754924081266","0.015560754924081266","0.015560754924081266"
"26","0.01084707910194993","0.01084707910194993","0.01084707910194993","0.016105453585623764","0.016105453585623764","0.016105453585623764","0.02887624260620214","0.02887624260620214","0.02887624260620214","0.012870644481154159","0.012870644481154159","0.012870644481154159","0.030056587711442262","0.030056587711442262","0.030056587711442262","0.015386154525913298","0.015386154525913298","0.015386154525913298"
"27","0.010696547251427546","0.010696547251427546","0.010696547251427546","0.015725030258181505","0.015725030258181505","0.015725030258181505","0.029884000774472952","0.029884000774472952","0.029884000774472952","0.012831680767703801","0.012831680767703801","0.012831680767703801","0.02953739740769379","0.02953739740769379","0.02953739740769379","0.015184841831796803","0.015184841831796803","0.015184841831796803"
"28","0.010567098652245477","0.010567098652245477","0.010567098652245477","0.015397575276438147","0.015397575276438147","0.015397575276438147","0.03089717321563512","0.03089717321563512","0.03089717321563512","0.012773137830663472","0.012773137830663472","0.012773137830663472","0.029001060480368324","0.029001060480368324","0.029001060480368324","0.014970138858188875","0.014970138858188875","0.014970138858188875"
"29","0.01037156573147513","0.01037156573147513","0.01037156573147513","0.015106380989891477","0.015106380989891477","0.015106380989891477","0.030931986519135535","0.030931986519135535","0.030931986519135535","0.012710831651929766","0.012710831651929766","0.012710831651929766","0.028533635282656178","0.028533635282656178","0.028533635282656178","0.014763520157430321","0.014763520157430321","0.014763520157430321"
"30","0.010261276445817202","0.010261276445817202","0.010261276445817202","0.014835356225376017","0.014835356225376017","0.014835356225376017","0.031907687764032744","0.031907687764032744","0.031907687764032744","0.012653037905693054","0.012653037905693054","0.012653037905693054","0.02805145260936115","0.02805145260936115","0.02805145260936115","0.014557333110133186","0.014557333110133186","0.014557333110133186"
"31","0.010093763179611415","0.010093763179611415","0.010093763179611415","0.014511196481180377","0.014511196481180377","0.014511196481180377","0.03137976500147488","0.03137976500147488","0.03137976500147488","0.012604454153915867","0.012604454153915867","0.012604454153915867","0.027451582514913753","0.027451582514913753","0.027451582514913753","0.014314427942736074","0.014314427942736074","0.014314427942736074"
"32","0.009949320752639323","0.009949320752639323","0.009949320752639323","0.014303962801932357","0.014303962801932357","0.014303962801932357","0.03205745347077027","0.03205745347077027","0.03205745347077027","0.012555160414194688","0.012555160414194688","0.012555160414194688","0.027068259951192886","0.027068259951192886","0.027068259951192886","0.014066344636376016","0.014066344636376016","0.014066344636376016"
"33","0.009804087574593723","0.009804087574593723","0.009804087574593723","0.014045549120055512","0.014045549120055512","0.014045549120055512","0.031789144792128354","0.031789144792128354","0.031789144792128354","0.012481108075007796","0.012481108075007796","0.012481108075007796","0.0265252990211593","0.0265252990211593","0.0265252990211593","0.0138478564331308","0.0138478564331308","0.0138478564331308"
"34","0.009617022500606254","0.009617022500606254","0.009617022500606254","0.013831405289238319","0.013831405289238319","0.013831405289238319","0.031545734804240055","0.031545734804240055","0.031545734804240055","0.01242692192317918","0.01242692192317918","0.01242692192317918","0.026063828030601144","0.026063828030601144","0.026063828030601144","0.013662364726769738","0.013662364726769738","0.013662364726769738"
"35","0.009562878258293495","0.009562878258293495","0.009562878258293495","0.013662127268617041","0.013662127268617041","0.013662127268617041","0.030708270467584953","0.030708270467584953","0.030708270467584953","0.012370885582640767","0.012370885582640767","0.012370885582640767","0.025688088062452152","0.025688088062452152","0.025688088062452152","0.013383743411395699","0.013383743411395699","0.013383743411395699"
"36","0.009442920447327197","0.009442920447327197","0.009442920447327197","0.013395262707490474","0.013395262707490474","0.013395262707490474","0.030556325102224946","0.030556325102224946","0.030556325102224946","0.012327360978815705","0.012327360978815705","0.012327360978815705","0.025219214279786684","0.025219214279786684","0.025219214279786684","0.0131386093198671","0.0131386093198671","0.0131386093198671"
"37","0.009300669538788497","0.009300669538788497","0.009300669538788497","0.013271379815705586","0.013271379815705586","0.013271379815705586","0.030544833018211648","0.030544833018211648","0.030544833018211648","0.01227585069136694","0.01227585069136694","0.01227585069136694","0.0249852737179026","0.0249852737179026","0.0249852737179026","0.012903092545457184","0.012903092545457184","0.012903092545457184"
"38","0.009185544564388692","0.009185544564388692","0.009185544564388692","0.01312687195604667","0.01312687195604667","0.01312687195604667","0.031249327526893467","0.031249327526893467","0.031249327526893467","0.012216329778311774","0.012216329778311774","0.012216329778311774","0.024709777717362158","0.024709777717362158","0.024709777717362158","0.01262245013640495","0.01262245013640495","0.01262245013640495"
"39","0.009073391614947468","0.009073391614947468","0.009073391614947468","0.012911376630654559","0.012911376630654559","0.012911376630654559","0.03046176370116882","0.03046176370116882","0.03046176370116882","0.012159807345597073","0.012159807345597073","0.012159807345597073","0.02459507592720911","0.02459507592720911","0.02459507592720911","0.012385302114125807","0.012385302114125807","0.012385302114125807"
"40","0.00895635416964069","0.00895635416964069","0.00895635416964069","0.012814879497454967","0.012814879497454967","0.012814879497454967","0.031030330210342072","0.031030330210342072","0.031030330210342072","0.012096232530893758","0.012096232530893758","0.012096232530893758","0.02438527533377055","0.02438527533377055","0.02438527533377055","0.012143628424382769","0.012143628424382769","0.012143628424382769"
"41","0.008874088787706569","0.008874088787706569","0.008874088787706569","0.012751502530591097","0.012751502530591097","0.012751502530591097","0.03128741882392205","0.03128741882392205","0.03128741882392205","0.012030792830046266","0.012030792830046266","0.012030792830046266","0.02436417044373229","0.02436417044373229","0.02436417044373229","0.011909658118383959","0.011909658118383959","0.011909658118383959"
"42","0.008805442252196372","0.008805442252196372","0.008805442252196372","0.012618849272257648","0.012618849272257648","0.012618849272257648","0.031641330278944224","0.031641330278944224","0.031641330278944224","0.011964268109295517","0.011964268109295517","0.011964268109295517","0.02428721875185147","0.02428721875185147","0.02428721875185147","0.011673837150738109","0.011673837150738109","0.011673837150738109"
"43","0.00876395680825226","0.00876395680825226","0.00876395680825226","0.012460327212465927","0.012460327212465927","0.012460327212465927","0.031852067142608576","0.031852067142608576","0.031852067142608576","0.011943041783524677","0.011943041783524677","0.011943041783524677","0.02432543959002942","0.02432543959002942","0.02432543959002942","0.011451330399722792","0.011451330399722792","0.011451330399722792"
"44","0.008684438624186441","0.008684438624186441","0.008684438624186441","0.012424258893588558","0.012424258893588558","0.012424258893588558","0.03209420316852629","0.03209420316852629","0.03209420316852629","0.011896358133526519","0.011896358133526519","0.011896358133526519","0.024557268334319815","0.024557268334319815","0.024557268334319815","0.011194033795618452","0.011194033795618452","0.011194033795618452"
"45","0.008581811416661367","0.008581811416661367","0.008581811416661367","0.012349490745691583","0.012349490745691583","0.012349490745691583","0.03330951518728398","0.03330951518728398","0.03330951518728398","0.01181179896229878","0.01181179896229878","0.01181179896229878","0.024729393713641912","0.024729393713641912","0.024729393713641912","0.011032909984351136","0.011032909984351136","0.011032909984351136"
"46","0.008606868505012244","0.008606868505012244","0.008606868505012244","0.01224710646783933","0.01224710646783933","0.01224710646783933","0.0328827711782651","0.0328827711782651","0.0328827711782651","0.011770528828492388","0.011770528828492388","0.011770528828492388","0.024927793245296925","0.024927793245296925","0.024927793245296925","0.010796154892886989","0.010796154892886989","0.010796154892886989"
"47","0.00858108967076987","0.00858108967076987","0.00858108967076987","0.012324407929554582","0.012324407929554582","0.012324407929554582","0.03287598262249958","0.03287598262249958","0.03287598262249958","0.011695175402564928","0.011695175402564928","0.011695175402564928","0.025179484393447638","0.025179484393447638","0.025179484393447638","0.010593576567771379","0.010593576567771379","0.010593576567771379"
"48","0.008607643860159442","0.008607643860159442","0.008607643860159442","0.012261626397958025","0.012261626397958025","0.012261626397958025","0.033020702583598904","0.033020702583598904","0.033020702583598904","0.011641355376923457","0.011641355376923457","0.011641355376923457","0.025389206391992047","0.025389206391992047","0.025389206391992047","0.010402080588391982","0.010402080588391982","0.010402080588391982"
"49","0.008637448539957404","0.008637448539957404","0.008637448539957404","0.012252869331859984","0.012252869331859984","0.012252869331859984","0.03271823562681675","0.03271823562681675","0.03271823562681675","0.011620998586295173","0.011620998586295173","0.011620998586295173","0.025696319178678095","0.025696319178678095","0.025696319178678095","0.010247070691548288","0.010247070691548288","0.010247070691548288"
"50","0.008656393038108945","0.008656393038108945","0.008656393038108945","0.012186417225166224","0.012186417225166224","0.012186417225166224","0.03157347520755138","0.03157347520755138","0.03157347520755138","0.011605394072830677","0.011605394072830677","0.011605394072830677","0.025908298295689747","0.025908298295689747","0.025908298295689747","0.010071263073768932","0.010071263073768932","0.010071263073768932"
"51","0.008726779429707676","0.008726779429707676","0.008726779429707676","0.012154651471064426","0.012154651471064426","0.012154651471064426","0.03156662077526562","0.03156662077526562","0.03156662077526562","0.011565493477974087","0.011565493477974087","0.011565493477974087","0.025841672904789448","0.025841672904789448","0.025841672904789448","0.009902941317704972","0.009902941317704972","0.009902941317704972"
"52","0.008837119967211038","0.008837119967211038","0.008837119967211038","0.012119731240090914","0.012119731240090914","0.012119731240090914","0.031247361126588657","0.031247361126588657","0.031247361126588657","0.011510340147651732","0.011510340147651732","0.011510340147651732","0.02588110524811782","0.02588110524811782","0.02588110524811782","0.009800116349651944","0.009800116349651944","0.009800116349651944"
"53","0.008814241969957948","0.008814241969957948","0.008814241969957948","0.012207816194859333","0.012207816194859333","0.012207816194859333","0.0306942974566482","0.0306942974566482","0.0306942974566482","0.011447815137216821","0.011447815137216821","0.011447815137216821","0.02595965494401753","0.02595965494401753","0.02595965494401753","0.00965842973528197","0.00965842973528197","0.00965842973528197"
"54","0.008889305667253211","0.008889305667253211","0.008889305667253211","0.012213000110932626","0.012213000110932626","0.012213000110932626","0.030436087487032637","0.030436087487032637","0.030436087487032637","0.011399120674468577","0.011399120674468577","0.011399120674468577","0.025899018277414143","0.025899018277414143","0.025899018277414143","0.009537844176520593","0.009537844176520593","0.009537844176520593"
"55","0.008815170993329957","0.008815170993329957","0.008815170993329957","0.012174187344498932","0.012174187344498932","0.012174187344498932","0.030014596341061406","0.030014596341061406","0.030014596341061406","0.011346665502060205","0.011346665502060205","0.011346665502060205","0.026216949510853738","0.026216949510853738","0.026216949510853738","0.009409150981809944","0.009409150981809944","0.009409150981809944"
"56","0.008960070466855541","0.008960070466855541","0.008960070466855541","0.012232982073328458","0.012232982073328458","0.012232982073328458","0.029156244243495166","0.029156244243495166","0.029156244243495166","0.011302003578748554","0.011302003578748554","0.011302003578748554","0.026041948149213567","0.026041948149213567","0.026041948149213567","0.009352252585813403","0.009352252585813403","0.009352252585813403"
"57","0.008998220815556124","0.008998220815556124","0.008998220815556124","0.012370543714496307","0.012370543714496307","0.012370543714496307","0.029160830075852573","0.029160830075852573","0.029160830075852573","0.01126416347688064","0.01126416347688064","0.01126416347688064","0.026215779944323003","0.026215779944323003","0.026215779944323003","0.00927233972470276","0.00927233972470276","0.00927233972470276"
"58","0.008990998117951676","0.008990998117951676","0.008990998117951676","0.01237839310488198","0.01237839310488198","0.01237839310488198","0.02863420092035085","0.02863420092035085","0.02863420092035085","0.011219605803489685","0.011219605803489685","0.011219605803489685","0.02621249304502271","0.02621249304502271","0.02621249304502271","0.009183014117297716","0.009183014117297716","0.009183014117297716"
"59","0.008986255910713226","0.008986255910713226","0.008986255910713226","0.012485880317399278","0.012485880317399278","0.012485880317399278","0.02823387509852182","0.02823387509852182","0.02823387509852182","0.01115942228352651","0.01115942228352651","0.01115942228352651","0.02578429679851979","0.02578429679851979","0.02578429679851979","0.009150677506113425","0.009150677506113425","0.009150677506113425"
"60","0.009025465085869655","0.009025465085869655","0.009025465085869655","0.012553204185678624","0.012553204185678624","0.012553204185678624","0.0277623918664176","0.0277623918664176","0.0277623918664176","0.011142327799461782","0.011142327799461782","0.011142327799461782","0.025817479443503544","0.025817479443503544","0.025817479443503544","0.009029647291754372","0.009029647291754372","0.009029647291754372"
"61","0.009231257339706644","0.009231257339706644","0.009231257339706644","0.01254096842603758","0.01254096842603758","0.01254096842603758","0.027853115607285872","0.027853115607285872","0.027853115607285872","0.011107092839665711","0.011107092839665711","0.011107092839665711","0.02586904980125837","0.02586904980125837","0.02586904980125837","0.009042225618031807","0.009042225618031807","0.009042225618031807"
"62","0.009216280974214897","0.009216280974214897","0.009216280974214897","0.012589579564519227","0.012589579564519227","0.012589579564519227","0.027756952986237593","0.027756952986237593","0.027756952986237593","0.011049220571294427","0.011049220571294427","0.011049220571294427","0.025415373471332714","0.025415373471332714","0.025415373471332714","0.008936380530940369","0.008936380530940369","0.008936380530940369"
"63","0.009186365379719064","0.009186365379719064","0.009186365379719064","0.012698408449068666","0.012698408449068666","0.012698408449068666","0.027397577112424187","0.027397577112424187","0.027397577112424187","0.01102850036113523","0.01102850036113523","0.01102850036113523","0.0256734388822224","0.0256734388822224","0.0256734388822224","0.008976106415502727","0.008976106415502727","0.008976106415502727"
"64","0.009177947300486267","0.009177947300486267","0.009177947300486267","0.012795479284250177","0.012795479284250177","0.012795479284250177","0.027098880615085363","0.027098880615085363","0.027098880615085363","0.01099564298056066","0.01099564298056066","0.01099564298056066","0.02580784197198227","0.02580784197198227","0.02580784197198227","0.00895418795698788","0.00895418795698788","0.00895418795698788"
"65","0.009164186369162053","0.009164186369162053","0.009164186369162053","0.012814554400392808","0.012814554400392808","0.012814554400392808","0.02705315436469391","0.02705315436469391","0.02705315436469391","0.010964874003548175","0.010964874003548175","0.010964874003548175","0.025524254015181214","0.025524254015181214","0.025524254015181214","0.008869755183695816","0.008869755183695816","0.008869755183695816"
"66","0.009218007791787386","0.009218007791787386","0.009218007791787386","0.012815738315111957","0.012815738315111957","0.012815738315111957","0.02715107395488303","0.02715107395488303","0.02715107395488303","0.010930767166428268","0.010930767166428268","0.010930767166428268","0.025263329211156815","0.025263329211156815","0.025263329211156815","0.008852891784044914","0.008852891784044914","0.008852891784044914"
"67","0.00923777389107272","0.00923777389107272","0.00923777389107272","0.012830664971261285","0.012830664971261285","0.012830664971261285","0.02716630176291801","0.02716630176291801","0.02716630176291801","0.010894593724515289","0.010894593724515289","0.010894593724515289","0.025540318398270756","0.025540318398270756","0.025540318398270756","0.008867863973136991","0.008867863973136991","0.008867863973136991"
"68","0.009244117652997375","0.009244117652997375","0.009244117652997375","0.013060835364740342","0.013060835364740342","0.013060835364740342","0.0272156717692269","0.0272156717692269","0.0272156717692269","0.01086850554565899","0.01086850554565899","0.01086850554565899","0.025256341032218188","0.025256341032218188","0.025256341032218188","0.008916211270843633","0.008916211270843633","0.008916211270843633"
"69","0.00920669743209146","0.00920669743209146","0.00920669743209146","0.013026760818320327","0.013026760818320327","0.013026760818320327","0.026715176718425937","0.026715176718425937","0.026715176718425937","0.010814196371939033","0.010814196371939033","0.010814196371939033","0.02521103579783812","0.02521103579783812","0.02521103579783812","0.008923679459257983","0.008923679459257983","0.008923679459257983"
"70","0.009213821875164285","0.009213821875164285","0.009213821875164285","0.013042281614616513","0.013042281614616513","0.013042281614616513","0.026773376084747724","0.026773376084747724","0.026773376084747724","0.010781204182421789","0.010781204182421789","0.010781204182421789","0.024940078059444204","0.024940078059444204","0.024940078059444204","0.00894942955346778","0.00894942955346778","0.00894942955346778"
"71","0.009228841605363414","0.009228841605363414","0.009228841605363414","0.013141816016286612","0.013141816016286612","0.013141816016286612","0.02703229378676042","0.02703229378676042","0.02703229378676042","0.010748136963229626","0.010748136963229626","0.010748136963229626","0.02501681965077296","0.02501681965077296","0.02501681965077296","0.0089128192194039","0.0089128192194039","0.0089128192194039"
"72","0.00929296831600368","0.00929296831600368","0.00929296831600368","0.013068703192402609","0.013068703192402609","0.013068703192402609","0.02654169341258239","0.02654169341258239","0.02654169341258239","0.010691323666833341","0.010691323666833341","0.010691323666833341","0.0249419791798573","0.0249419791798573","0.0249419791798573","0.00889618789369706","0.00889618789369706","0.00889618789369706"
"73","0.009256238845409825","0.009256238845409825","0.009256238845409825","0.013144684096914716","0.013144684096914716","0.013144684096914716","0.026426458920468576","0.026426458920468576","0.026426458920468576","0.010661315609468147","0.010661315609468147","0.010661315609468147","0.024779911327641457","0.024779911327641457","0.024779911327641457","0.0089354891970288","0.0089354891970288","0.0089354891970288"
"74","0.009259926242521033","0.009259926242521033","0.009259926242521033","0.01307027749135159","0.01307027749135159","0.01307027749135159","0.026724342766101472","0.026724342766101472","0.026724342766101472","0.010639684071065858","0.010639684071065858","0.010639684071065858","0.024757710081757978","0.024757710081757978","0.024757710081757978","0.008980256388895214","0.008980256388895214","0.008980256388895214"
"75","0.009256287332391366","0.009256287332391366","0.009256287332391366","0.013121010924805887","0.013121010924805887","0.013121010924805887","0.026605715858750045","0.026605715858750045","0.026605715858750045","0.010631428856868297","0.010631428856868297","0.010631428856868297","0.024728725344175473","0.024728725344175473","0.024728725344175473","0.008935957390349358","0.008935957390349358","0.008935957390349358"
"76","0.00933855920447968","0.00933855920447968","0.00933855920447968","0.01316804792440962","0.01316804792440962","0.01316804792440962","0.02683205394714605","0.02683205394714605","0.02683205394714605","0.010607760050334036","0.010607760050334036","0.010607760050334036","0.024734759295824915","0.024734759295824915","0.024734759295824915","0.008997264507343061","0.008997264507343061","0.008997264507343061"
"77","0.009093726199353114","0.009093726199353114","0.009093726199353114","0.013140357870724984","0.013140357870724984","0.013140357870724984","0.026476820406969637","0.026476820406969637","0.026476820406969637","0.010581073554931208","0.010581073554931208","0.010581073554931208","0.024752772093052045","0.024752772093052045","0.024752772093052045","0.009011463145725429","0.009011463145725429","0.009011463145725429"
"78","0.009189063537633047","0.009189063537633047","0.009189063537633047","0.01310929050669074","0.01310929050669074","0.01310929050669074","0.02654215278744232","0.02654215278744232","0.02654215278744232","0.010537389840465039","0.010537389840465039","0.010537389840465039","0.024715649982681498","0.024715649982681498","0.024715649982681498","0.009025914405356161","0.009025914405356161","0.009025914405356161"
"79","0.009123581054154783","0.009123581054154783","0.009123581054154783","0.013057410978944972","0.013057410978944972","0.013057410978944972","0.026430854661157355","0.026430854661157355","0.026430854661157355","0.010510949738090858","0.010510949738090858","0.010510949738090858","0.02482453011907637","0.02482453011907637","0.02482453011907637","0.009029248118167743","0.009029248118167743","0.009029248118167743"
"80","0.009216468402883038","0.009216468402883038","0.009216468402883038","0.013012816008995287","0.013012816008995287","0.013012816008995287","0.02667671955714468","0.02667671955714468","0.02667671955714468","0.010471573623362929","0.010471573623362929","0.010471573623362929","0.02474524499848485","0.02474524499848485","0.02474524499848485","0.009039087788551114","0.009039087788551114","0.009039087788551114"
"81","0.009182210138533264","0.009182210138533264","0.009182210138533264","0.012890282479929738","0.012890282479929738","0.012890282479929738","0.026615808106726035","0.026615808106726035","0.026615808106726035","0.010479543067049235","0.010479543067049235","0.010479543067049235","0.024545789900003","0.024545789900003","0.024545789900003","0.00898056234291289","0.00898056234291289","0.00898056234291289"
"82","0.009153884486295283","0.009153884486295283","0.009153884486295283","0.012824630932300352","0.012824630932300352","0.012824630932300352","0.026577789802104235","0.026577789802104235","0.026577789802104235","0.010475340211996809","0.010475340211996809","0.010475340211996809","0.024396422930294648","0.024396422930294648","0.024396422930294648","0.009040718505275436","0.009040718505275436","0.009040718505275436"
"83","0.009154171799309552","0.009154171799309552","0.009154171799309552","0.012798440220649354","0.012798440220649354","0.012798440220649354","0.0267353276576614","0.0267353276576614","0.0267353276576614","0.010488209896720946","0.010488209896720946","0.010488209896720946","0.024413261126028374","0.024413261126028374","0.024413261126028374","0.009030771092511714","0.009030771092511714","0.009030771092511714"
"84","0.009256445133360103","0.009256445133360103","0.009256445133360103","0.012814479501685128","0.012814479501685128","0.012814479501685128","0.026718386070569977","0.026718386070569977","0.026718386070569977","0.010502502671442926","0.010502502671442926","0.010502502671442926","0.024522258434444666","0.024522258434444666","0.024522258434444666","0.009016709896968678","0.009016709896968678","0.009016709896968678"
"85","0.0092602007498499","0.0092602007498499","0.0092602007498499","0.01275923907815013","0.01275923907815013","0.01275923907815013","0.026667961559724063","0.026667961559724063","0.026667961559724063","0.010475391522049904","0.010475391522049904","0.010475391522049904","0.024518775986507535","0.024518775986507535","0.024518775986507535","0.009070627711480483","0.009070627711480483","0.009070627711480483"
"86","0.009219565079547465","0.009219565079547465","0.009219565079547465","0.012842546377214603","0.012842546377214603","0.012842546377214603","0.026738823333289474","0.026738823333289474","0.026738823333289474","0.010491195047507063","0.010491195047507063","0.010491195047507063","0.024505973851773888","0.024505973851773888","0.024505973851773888","0.009048716310644522","0.009048716310644522","0.009048716310644522"
"87","0.009203793364576995","0.009203793364576995","0.009203793364576995","0.012812801549443975","0.012812801549443975","0.012812801549443975","0.026765549017000012","0.026765549017000012","0.026765549017000012","0.01047324773389846","0.01047324773389846","0.01047324773389846","0.024338286486454308","0.024338286486454308","0.024338286486454308","0.009099454429815523","0.009099454429815523","0.009099454429815523"
"88","0.009243013395462185","0.009243013395462185","0.009243013395462185","0.012841827745432965","0.012841827745432965","0.012841827745432965","0.02671055612154305","0.02671055612154305","0.02671055612154305","0.010475235409103334","0.010475235409103334","0.010475235409103334","0.02443118832889013","0.02443118832889013","0.02443118832889013","0.009041496086865664","0.009041496086865664","0.009041496086865664"
"89","0.00920398355810903","0.00920398355810903","0.00920398355810903","0.012799229079973884","0.012799229079973884","0.012799229079973884","0.026841670885914937","0.026841670885914937","0.026841670885914937","0.010455669660586864","0.010455669660586864","0.010455669660586864","0.02457672986201942","0.02457672986201942","0.02457672986201942","0.009020734869409353","0.009020734869409353","0.009020734869409353"
"90","0.009279853315092623","0.009279853315092623","0.009279853315092623","0.0128370116581209","0.0128370116581209","0.0128370116581209","0.026622600009432063","0.026622600009432063","0.026622600009432063","0.010466011764947325","0.010466011764947325","0.010466011764947325","0.02452626178273931","0.02452626178273931","0.02452626178273931","0.009074655856238678","0.009074655856238678","0.009074655856238678"
"91","0.009227160888258368","0.009227160888258368","0.009227160888258368","0.012789158034138381","0.012789158034138381","0.012789158034138381","0.026702286035288125","0.026702286035288125","0.026702286035288125","0.010475535353180021","0.010475535353180021","0.010475535353180021","0.024487621354637668","0.024487621354637668","0.024487621354637668","0.00905952273751609","0.00905952273751609","0.00905952273751609"
"92","0.009253645868739113","0.009253645868739113","0.009253645868739113","0.0128616081783548","0.0128616081783548","0.0128616081783548","0.026829121852642857","0.026829121852642857","0.026829121852642857","0.01045904034981504","0.01045904034981504","0.01045904034981504","0.024403361981967464","0.024403361981967464","0.024403361981967464","0.009074475907254964","0.009074475907254964","0.009074475907254964"
"93","0.009237498015863821","0.009237498015863821","0.009237498015863821","0.012809130566893145","0.012809130566893145","0.012809130566893145","0.026995706706657074","0.026995706706657074","0.026995706706657074","0.010456309100845829","0.010456309100845829","0.010456309100845829","0.02431816339958459","0.02431816339958459","0.02431816339958459","0.00905618438264355","0.00905618438264355","0.00905618438264355"
"94","0.009219948493409902","0.009219948493409902","0.009219948493409902","0.012760563477058895","0.012760563477058895","0.012760563477058895","0.02668180722685065","0.02668180722685065","0.02668180722685065","0.010448968852870166","0.010448968852870166","0.010448968852870166","0.024321436911122873","0.024321436911122873","0.024321436911122873","0.009068490020581521","0.009068490020581521","0.009068490020581521"
"95","0.009253307740436867","0.009253307740436867","0.009253307740436867","0.012860415736213326","0.012860415736213326","0.012860415736213326","0.026778284562169574","0.026778284562169574","0.026778284562169574","0.010436516953632236","0.010436516953632236","0.010436516953632236","0.024384070915402845","0.024384070915402845","0.024384070915402845","0.00906183195183985","0.00906183195183985","0.00906183195183985"
"96","0.009260646824259311","0.009260646824259311","0.009260646824259311","0.012799623407772742","0.012799623407772742","0.012799623407772742","0.02660590672167018","0.02660590672167018","0.02660590672167018","0.010444353334605694","0.010444353334605694","0.010444353334605694","0.024356991139939055","0.024356991139939055","0.024356991139939055","0.009097519621718675","0.009097519621718675","0.009097519621718675"
"97","0.009214847726980224","0.009214847726980224","0.009214847726980224","0.012835159956011921","0.012835159956011921","0.012835159956011921","0.026630211126757786","0.026630211126757786","0.026630211126757786","0.010446971835335717","0.010446971835335717","0.010446971835335717","0.024496927624568343","0.024496927624568343","0.024496927624568343","0.009082147473236546","0.009082147473236546","0.009082147473236546"
"98","0.009203511232044548","0.009203511232044548","0.009203511232044548","0.012835729343350977","0.012835729343350977","0.012835729343350977","0.026680463473894633","0.026680463473894633","0.026680463473894633","0.0104455427499488","0.0104455427499488","0.0104455427499488","0.024415140826022252","0.024415140826022252","0.024415140826022252","0.009068327388376929","0.009068327388376929","0.009068327388376929"
"99","0.009254081844119355","0.009254081844119355","0.009254081844119355","0.012775587703799829","0.012775587703799829","0.012775587703799829","0.02696141804335639","0.02696141804335639","0.02696141804335639","0.010425204411149025","0.010425204411149025","0.010425204411149025","0.02436760038835928","0.02436760038835928","0.02436760038835928","0.009061814213055186","0.009061814213055186","0.009061814213055186"
"100","0.009274919022573158","0.009274919022573158","0.009274919022573158","0.012768230473739095","0.012768230473739095","0.012768230473739095","0.026649158942746","0.026649158942746","0.026649158942746","0.0104298404767178","0.0104298404767178","0.0104298404767178","0.02438712166622281","0.02438712166622281","0.02438712166622281","0.009053670830326155","0.009053670830326155","0.009053670830326155"